keyword,202302,202303,tot_cnt
economic,7.0,0.0,7.0
international,7.0,0.0,7.0
world,5.0,0.0,5.0
article,6.0,0.0,6.0
analyses,1.0,0.0,1.0
commons,2.0,0.0,2.0
free,1.0,0.0,1.0
forum,4.0,0.0,4.0
account,3.0,0.0,3.0
terms,7.0,0.0,7.0
public,7.0,0.0,7.0
accordance,1.0,0.0,1.0
create,8.0,0.0,8.0
publications,1.0,0.0,1.0
views,5.0,0.0,5.0
content,2.0,0.0,2.0
license,1.0,0.0,1.0
creative,4.0,0.0,4.0
access,6.0,0.0,6.0
latest,2.0,0.0,2.0
collection,3.0,0.0,3.0
author,2.0,0.0,2.0
world economic,1.0,0.0,1.0
free account,1.0,0.0,1.0
publications analyses,1.0,0.0,1.0
중소중견기업과,1.0,0.0,1.0
개정안k칩스법이,1.0,0.0,1.0
세액공제14일,1.0,0.0,1.0
정부의,1.0,0.0,1.0
유치하기,1.0,0.0,1.0
상대적으로,1.0,0.0,1.0
반대하면서다,1.0,0.0,1.0
토지와,1.0,0.0,1.0
기업들이,1.0,0.0,1.0
미국,4.0,0.0,4.0
의원의,1.0,0.0,1.0
침체로,1.0,0.0,1.0
국면에,1.0,0.0,1.0
지난해,3.0,0.0,3.0
부문의,1.0,0.0,1.0
野반도체,1.0,0.0,1.0
점을,1.0,0.0,1.0
추가,1.0,0.0,1.0
크게,1.0,0.0,1.0
josephankyung,1.0,0.0,1.0
tsmc,1.0,0.0,1.0
com,7.0,0.0,7.0
따르면 지난달,1.0,0.0,1.0
fiscal,7.0,0.0,7.0
singaporeans,1.0,0.0,1.0
inflation,28.0,0.0,28.0
sustainable,19.0,0.0,19.0
minister,11.0,0.0,11.0
cost,18.0,0.0,18.0
cope,2.0,0.0,2.0
estimate,2.0,0.0,2.0
measures,14.0,0.0,14.0
s3,1.0,0.0,1.0
pressures,11.0,0.0,11.0
foreign,5.0,0.0,5.0
weak,1.0,0.0,1.0
fuel,2.0,0.0,2.0
soong,1.0,0.0,1.0
precovid,2.0,0.0,2.0
prudence,1.0,0.0,1.0
recent,10.0,0.0,10.0
delicate,1.0,0.0,1.0
slight,1.0,0.0,1.0
squawk,1.0,0.0,1.0
try,6.0,0.0,6.0
day,4.0,0.0,4.0
interview,2.0,0.0,2.0
cnbcs,1.0,0.0,1.0
lawrence,1.0,0.0,1.0
hand,1.0,0.0,1.0
thats,3.0,0.0,3.0
push,1.0,0.0,1.0
levels,2.0,0.0,2.0
hikes,6.0,0.0,6.0
balancing act,1.0,0.0,1.0
year 2022,1.0,0.0,1.0
recovered precovid,1.0,0.0,1.0
premium,5.0,0.0,5.0
subscription,5.0,0.0,5.0
trial,4.0,0.0,4.0
digital,6.0,0.0,6.0
savings,6.0,0.0,6.0
premier,5.0,0.0,5.0
plan,9.0,0.0,9.0
month,7.0,0.0,7.0
downgrade,6.0,0.0,6.0
opt,5.0,0.0,5.0
settings,4.0,0.0,4.0
standard,6.0,0.0,6.0
cancel,4.0,0.0,4.0
lex,4.0,0.0,4.0
reporting,5.0,0.0,5.0
business,6.0,0.0,6.0
retain,4.0,0.0,4.0
section,5.0,0.0,5.0
journalistic,4.0,0.0,4.0
offering,4.0,0.0,4.0
click,5.0,0.0,5.0
comparison,5.0,0.0,5.0
packages,4.0,0.0,4.0
themes,4.0,0.0,4.0
expert,4.0,0.0,4.0
column,5.0,0.0,5.0
original,4.0,0.0,4.0
robust,7.0,0.0,7.0
fulfils,4.0,0.0,4.0
digital premium,4.0,0.0,4.0
trial trial,4.0,0.0,4.0
change plan,4.0,0.0,4.0
retain access,4.0,0.0,4.0
news analysis,4.0,0.0,4.0
sustainability,5.0,0.0,5.0
circular,7.0,0.0,7.0
recyclable,1.0,0.0,1.0
sector,18.0,0.0,18.0
wastewater,1.0,0.0,1.0
carbon,1.0,0.0,1.0
footprint,7.0,0.0,7.0
roastery,1.0,0.0,1.0
customers,5.0,0.0,5.0
innovative,2.0,0.0,2.0
byproducts,2.0,0.0,2.0
cashew,1.0,0.0,1.0
bags,1.0,0.0,1.0
methods,3.0,0.0,3.0
zhou,1.0,0.0,1.0
risk,6.0,0.0,6.0
takemakewaste,1.0,0.0,1.0
definition,4.0,0.0,4.0
powers,3.0,0.0,3.0
prolong,1.0,0.0,1.0
encourage,2.0,0.0,2.0
linear,1.0,0.0,1.0
credits,1.0,0.0,1.0
scottish,1.0,0.0,1.0
species,1.0,0.0,1.0
measurable,1.0,0.0,1.0
fertiliser,1.0,0.0,1.0
isnt,2.0,0.0,2.0
interested,2.0,0.0,2.0
ranges,2.0,0.0,2.0
coffees sustainable,1.0,0.0,1.0
term circular,1.0,0.0,1.0
economy practice,1.0,0.0,1.0
compost fertiliser,1.0,0.0,1.0
applying mtpak,1.0,0.0,1.0
geothermal,2.0,0.0,2.0
biofuel,1.0,0.0,1.0
farmland,1.0,0.0,1.0
methane,1.0,0.0,1.0
emissions,9.0,0.0,9.0
energy,14.0,0.0,14.0
february,7.0,0.0,7.0
economy,21.0,0.0,21.0
global,14.0,0.0,14.0
food,1.0,0.0,1.0
use,2.0,0.0,2.0
biofuel instead,1.0,0.0,1.0
geothermal energy,1.0,0.0,1.0
ramping use,1.0,0.0,1.0
mercy global,1.0,0.0,1.0
forecasts,7.0,0.0,7.0
bond,2.0,0.0,2.0
barclays,1.0,0.0,1.0
sachs,2.0,0.0,2.0
consumer,3.0,0.0,3.0
tuesdays,2.0,0.0,2.0
pessimistic,1.0,0.0,1.0
strategists,1.0,0.0,1.0
theyve,1.0,0.0,1.0
federal,10.0,0.0,10.0
soft,4.0,0.0,4.0
turnaround,1.0,0.0,1.0
fargo,2.0,0.0,2.0
stay,3.0,0.0,3.0
plc,1.0,0.0,1.0
bears,1.0,0.0,1.0
intensify,1.0,0.0,1.0
macro,2.0,0.0,2.0
view,5.0,0.0,5.0
recovery,14.0,0.0,14.0
start,4.0,0.0,4.0
implies,1.0,0.0,1.0
periods,4.0,0.0,4.0
dovish,1.0,0.0,1.0
shortdollar,1.0,0.0,1.0
emmanuel,1.0,0.0,1.0
latest inflation,1.0,0.0,1.0
plc strategists,1.0,0.0,1.0
risk appetite,1.0,0.0,1.0
positions retreat,1.0,0.0,1.0
gdp,18.0,0.0,18.0
covid19,7.0,0.0,7.0
kremlin,1.0,0.0,1.0
forecasting,2.0,0.0,2.0
rb200250bn,1.0,0.0,1.0
debt,3.0,0.0,3.0
europe,1.0,0.0,1.0
figure,4.0,0.0,4.0
retail,2.0,0.0,2.0
average,28.0,0.0,28.0
rubles,1.0,0.0,1.0
yuan,1.0,0.0,1.0
afp,2.0,0.0,2.0
factors,10.0,0.0,10.0
proposal,1.0,0.0,1.0
stability,2.0,0.0,2.0
worst,3.0,0.0,3.0
tankers,2.0,0.0,2.0
demarais,1.0,0.0,1.0
base,5.0,0.0,5.0
freeze,1.0,0.0,1.0
embargo,1.0,0.0,1.0
gauge,1.0,0.0,1.0
st,2.0,0.0,2.0
watch,2.0,0.0,2.0
etcetera,1.0,0.0,1.0
plummet,1.0,0.0,1.0
bumpy,1.0,0.0,1.0
print,2.0,0.0,2.0
cnbc,3.0,0.0,3.0
benchmark,4.0,0.0,4.0
ministry,9.0,0.0,9.0
determinant,1.0,0.0,1.0
russias budget,1.0,0.0,1.0
contractions onset,1.0,0.0,1.0
loading urals,1.0,0.0,1.0
browser,1.0,0.0,1.0
javascript,1.0,0.0,1.0
cookies,2.0,0.0,2.0
service,2.0,0.0,2.0
supports,1.0,0.0,1.0
review,2.0,0.0,2.0
policy,10.0,0.0,10.0
information,2.0,0.0,2.0
happen,1.0,0.0,1.0
sure,3.0,0.0,3.0
supports javascript,1.0,0.0,1.0
loading information,1.0,0.0,1.0
did happen,1.0,0.0,1.0
review terms,1.0,0.0,1.0
mauritanias,1.0,0.0,1.0
disasters,1.0,0.0,1.0
populations,2.0,0.0,2.0
growth,23.0,0.0,23.0
economist,6.0,0.0,6.0
households,6.0,0.0,6.0
initiatives,6.0,0.0,6.0
electricity,4.0,0.0,4.0
costs,8.0,0.0,8.0
poorest,3.0,0.0,3.0
capita,2.0,0.0,2.0
land,1.0,0.0,1.0
mediumterm,1.0,0.0,1.0
women,3.0,0.0,3.0
data,9.0,0.0,9.0
onefourth,1.0,0.0,1.0
insecurity,3.0,0.0,3.0
imfs,2.0,0.0,2.0
coverage,3.0,0.0,3.0
jarin,1.0,0.0,1.0
department,2.0,0.0,2.0
return,5.0,0.0,5.0
anta,1.0,0.0,1.0
natural,4.0,0.0,4.0
sooner,1.0,0.0,1.0
ozlu,1.0,0.0,1.0
significant,8.0,0.0,8.0
onur,1.0,0.0,1.0
limit,7.0,0.0,7.0
tubewell,1.0,0.0,1.0
buffer,2.0,0.0,2.0
longstanding,1.0,0.0,1.0
central,7.0,0.0,7.0
mauritanias growth,1.0,0.0,1.0
disasters economy,1.0,0.0,1.0
droughtrelated effect,1.0,0.0,1.0
electricity percent,1.0,0.0,1.0
health coverage,1.0,0.0,1.0
slowdown,9.0,0.0,9.0
trend,7.0,0.0,7.0
pace,8.0,0.0,8.0
rate,6.0,0.0,6.0
expensive,1.0,0.0,1.0
borrowing,2.0,0.0,2.0
bulk,1.0,0.0,1.0
factor,5.0,0.0,5.0
months,12.0,0.0,12.0
high,6.0,0.0,6.0
news,7.0,0.0,7.0
target,6.0,0.0,6.0
readings,1.0,0.0,1.0
administrations,3.0,0.0,3.0
salaries,5.0,0.0,5.0
americans,3.0,0.0,3.0
laborintensive,1.0,0.0,1.0
hike,4.0,0.0,4.0
foresees,1.0,0.0,1.0
categories,5.0,0.0,5.0
standoff,1.0,0.0,1.0
basis,11.0,0.0,11.0
openings,4.0,0.0,4.0
englishlanguage,3.0,0.0,3.0
país,2.0,0.0,2.0
slowdown inflation,1.0,0.0,1.0
fuel price,1.0,0.0,1.0
december january,1.0,0.0,1.0
food clothing,1.0,0.0,1.0
report government,1.0,0.0,1.0
increase,9.0,0.0,9.0
budget,5.0,0.0,5.0
advances,2.0,0.0,2.0
yearonyear,2.0,0.0,2.0
q4,3.0,0.0,3.0
projections,2.0,0.0,2.0
domestic,11.0,0.0,11.0
statistics,5.0,0.0,5.0
previous,1.0,0.0,1.0
report,5.0,0.0,5.0
series,2.0,0.0,2.0
official,3.0,0.0,3.0
product,2.0,0.0,2.0
quarter,6.0,0.0,6.0
source,6.0,0.0,6.0
state,2.0,0.0,2.0
natanael,1.0,0.0,1.0
maricaromaniainsider,1.0,0.0,1.0
tuesday,18.0,0.0,18.0
ec,1.0,0.0,1.0
commission,3.0,0.0,3.0
vs,1.0,0.0,1.0
body,1.0,0.0,1.0
gross,5.0,0.0,5.0
flash,2.0,0.0,2.0
romanias gdp,1.0,0.0,1.0
yearonyear growth,1.0,0.0,1.0
q4 2022,1.0,0.0,1.0
body cnp,1.0,0.0,1.0
inflationary,2.0,0.0,2.0
importers,2.0,0.0,2.0
barriers,1.0,0.0,1.0
travel,1.0,0.0,1.0
pandemic,21.0,0.0,21.0
leveraging,1.0,0.0,1.0
oecd,2.0,0.0,2.0
ukraine,4.0,0.0,4.0
consequences,2.0,0.0,2.0
secretarygeneral,2.0,0.0,2.0
trade,3.0,0.0,3.0
organization,1.0,0.0,1.0
cormann,1.0,0.0,1.0
commitments,1.0,0.0,1.0
index,10.0,0.0,10.0
uncertainty,3.0,0.0,3.0
control,2.0,0.0,2.0
audiovisual,1.0,0.0,1.0
avenues,1.0,0.0,1.0
times,7.0,0.0,7.0
fresh,1.0,0.0,1.0
mathias,1.0,0.0,1.0
joint,1.0,0.0,1.0
global economic,1.0,0.0,1.0
services oecd,1.0,0.0,1.0
barriers limits,1.0,0.0,1.0
audiovisual computer,1.0,0.0,1.0
sectors,18.0,0.0,18.0
chinese,6.0,0.0,6.0
icloud,1.0,0.0,1.0
zhejiang,1.0,0.0,1.0
innovation,3.0,0.0,3.0
tencent,1.0,0.0,1.0
blockchain,1.0,0.0,1.0
monitor,4.0,0.0,4.0
fiveyear,1.0,0.0,1.0
application,2.0,0.0,2.0
tesla,1.0,0.0,1.0
scale,1.0,0.0,1.0
silk,1.0,0.0,1.0
netease,1.0,0.0,1.0
weibo,1.0,0.0,1.0
lottery,1.0,0.0,1.0
nominal,1.0,0.0,1.0
qq,2.0,0.0,2.0
sharma,1.0,0.0,1.0
dsr,1.0,0.0,1.0
tiktoks,1.0,0.0,1.0
governmentrun,1.0,0.0,1.0
cuttingedge,1.0,0.0,1.0
today,4.0,0.0,4.0
ambitions,1.0,0.0,1.0
workers,5.0,0.0,5.0
compulsory,1.0,0.0,1.0
similar,3.0,0.0,3.0
assert,2.0,0.0,2.0
uyghur,1.0,0.0,1.0
unethical,1.0,0.0,1.0
behemoth,1.0,0.0,1.0
prospers scale,1.0,0.0,1.0
annually average,1.0,0.0,1.0
improve vr,1.0,0.0,1.0
compulsory obligation,1.0,0.0,1.0
caterpillar,1.0,0.0,1.0
earnings,5.0,0.0,5.0
diversified,2.0,0.0,2.0
cramers,1.0,0.0,1.0
pricecost,1.0,0.0,1.0
pushbacks,1.0,0.0,1.0
performance,3.0,0.0,3.0
pivot,2.0,0.0,2.0
baird,1.0,0.0,1.0
trusts,1.0,0.0,1.0
major,8.0,0.0,8.0
expectations,4.0,0.0,4.0
industrials,1.0,0.0,1.0
drives,1.0,0.0,1.0
cyclical,1.0,0.0,1.0
tailwinds,1.0,0.0,1.0
bearish,2.0,0.0,2.0
monday,7.0,0.0,7.0
waits,1.0,0.0,1.0
longterm,4.0,0.0,4.0
havent,3.0,0.0,3.0
receipt,2.0,0.0,2.0
downgraded,1.0,0.0,1.0
street,3.0,0.0,3.0
disclaimer,3.0,0.0,3.0
shares caterpillar,1.0,0.0,1.0
cat believes,1.0,0.0,1.0
outperformance baird,1.0,0.0,1.0
qcom list,1.0,0.0,1.0
yuyuan,1.0,0.0,1.0
chinas,1.0,0.0,1.0
profitability,2.0,0.0,2.0
uncertainties,1.0,0.0,1.0
technological,1.0,0.0,1.0
shortages,1.0,0.0,1.0
wait,1.0,0.0,1.0
stabilization,1.0,0.0,1.0
waste,1.0,0.0,1.0
cnsphoto,1.0,0.0,1.0
export,6.0,0.0,6.0
household,3.0,0.0,3.0
bonds,2.0,0.0,2.0
implements,1.0,0.0,1.0
rationales,1.0,0.0,1.0
centenary,1.0,0.0,1.0
decent,2.0,0.0,2.0
r007,1.0,0.0,1.0
bottlenecks,1.0,0.0,1.0
plenary,1.0,0.0,1.0
swan,2.0,0.0,2.0
session,8.0,0.0,8.0
outlook,15.0,0.0,15.0
fact,3.0,0.0,3.0
deglobalization,1.0,0.0,1.0
dualcirculation,1.0,0.0,1.0
chinas gdp,1.0,0.0,1.0
consumption rebound,1.0,0.0,1.0
target 2023,1.0,0.0,1.0
implement dualcirculation,1.0,0.0,1.0
summit,5.0,0.0,5.0
humanitarian,1.0,0.0,1.0
presidents,3.0,0.0,3.0
future,6.0,0.0,6.0
arab,1.0,0.0,1.0
health,3.0,0.0,3.0
climate,10.0,0.0,10.0
diversification,2.0,0.0,2.0
experts,2.0,0.0,2.0
imf,6.0,0.0,6.0
heads,2.0,0.0,2.0
topics,2.0,0.0,2.0
talk,2.0,0.0,2.0
elsisi,1.0,0.0,1.0
priority,5.0,0.0,5.0
merchandise,1.0,0.0,1.0
propose,3.0,0.0,3.0
resilience,6.0,0.0,6.0
cop28,1.0,0.0,1.0
glimmers,1.0,0.0,1.0
artificial,2.0,0.0,2.0
belong,1.0,0.0,1.0
arbitration,1.0,0.0,1.0
fattah,1.0,0.0,1.0
coronavirus,3.0,0.0,3.0
build,1.0,0.0,1.0
banner,1.0,0.0,1.0
alleviate,2.0,0.0,2.0
fields,3.0,0.0,3.0
governments summit,1.0,0.0,1.0
change health,1.0,0.0,1.0
added imf,1.0,0.0,1.0
dispute arbitration,1.0,0.0,1.0
massachusetts,1.0,0.0,1.0
workforce,1.0,0.0,1.0
boomers,1.0,0.0,1.0
commonwealth,2.0,0.0,2.0
estimates,1.0,0.0,1.0
ceo,4.0,0.0,4.0
massreconnect,1.0,0.0,1.0
degree,2.0,0.0,2.0
rents,1.0,0.0,1.0
regan,1.0,0.0,1.0
benefits,6.0,0.0,6.0
transition,2.0,0.0,2.0
students,2.0,0.0,2.0
visas,1.0,0.0,1.0
mitigate,2.0,0.0,2.0
rates,11.0,0.0,11.0
concentration,1.0,0.0,1.0
head,4.0,0.0,4.0
climates,1.0,0.0,1.0
tax,7.0,0.0,7.0
meet,2.0,0.0,2.0
launching,2.0,0.0,2.0
attractive,1.0,0.0,1.0
draws,2.0,0.0,2.0
healeys,1.0,0.0,1.0
highskilled,1.0,0.0,1.0
inclusive,1.0,0.0,1.0
added,1.0,0.0,1.0
takeda said,1.0,0.0,1.0
indonesia,1.0,0.0,1.0
recession,21.0,0.0,21.0
depreciation,2.0,0.0,2.0
consumers,4.0,0.0,4.0
surpluses,1.0,0.0,1.0
tradable,1.0,0.0,1.0
habits,1.0,0.0,1.0
prices,6.0,0.0,6.0
windfall,3.0,0.0,3.0
pentup,2.0,0.0,2.0
hotels,2.0,0.0,2.0
current,8.0,0.0,8.0
headline,2.0,0.0,2.0
accelerate,2.0,0.0,2.0
vulnerable,1.0,0.0,1.0
averaged,1.0,0.0,1.0
drivers,1.0,0.0,1.0
underscores,1.0,0.0,1.0
structures,2.0,0.0,2.0
avoid recession,1.0,0.0,1.0
consumption percent,1.0,0.0,1.0
distorting effect,1.0,0.0,1.0
imports drag,1.0,0.0,1.0
shelter,2.0,0.0,2.0
seasonal,1.0,0.0,1.0
restaurants,2.0,0.0,2.0
items,1.0,0.0,1.0
anecdotal,1.0,0.0,1.0
percentage,2.0,0.0,2.0
core,3.0,0.0,3.0
feds,2.0,0.0,2.0
fewer,3.0,0.0,3.0
mortgage,2.0,0.0,2.0
lag,1.0,0.0,1.0
volatile,1.0,0.0,1.0
ease,3.0,0.0,3.0
heels,1.0,0.0,1.0
real,7.0,0.0,7.0
downshift,1.0,0.0,1.0
mls,1.0,0.0,1.0
largest,5.0,0.0,5.0
dunkelberg,2.0,0.0,2.0
likelihood,1.0,0.0,1.0
person,2.0,0.0,2.0
insistent,1.0,0.0,1.0
cynical,2.0,0.0,2.0
axa,1.0,0.0,1.0
quarterpoint,1.0,0.0,1.0
chester,1.0,0.0,1.0
sturtevant,1.0,0.0,1.0
stages,3.0,0.0,3.0
january inflation,1.0,0.0,1.0
said week,1.0,0.0,1.0
consumer confidence,1.0,0.0,1.0
crisis,3.0,0.0,3.0
pakistans,1.0,0.0,1.0
commodities,4.0,0.0,4.0
distress,2.0,0.0,2.0
reserves,8.0,0.0,8.0
ist,1.0,0.0,1.0
support,2.0,0.0,2.0
falls,1.0,0.0,1.0
radhakrishnan,1.0,0.0,1.0
script,1.0,0.0,1.0
massive,2.0,0.0,2.0
exchange,1.0,0.0,1.0
nihalani,1.0,0.0,1.0
unpack,1.0,0.0,1.0
price,1.0,0.0,1.0
episode,2.0,0.0,2.0
story,6.0,0.0,6.0
worse,4.0,0.0,4.0
point,4.0,0.0,4.0
eggs,1.0,0.0,1.0
turbulent,1.0,0.0,1.0
jasmine,1.0,0.0,1.0
everyday,1.0,0.0,1.0
vignesh,1.0,0.0,1.0
ideation,1.0,0.0,1.0
loganathan,1.0,0.0,1.0
reserves pakistans,1.0,0.0,1.0
jasmine nihalani,1.0,0.0,1.0
packard,1.0,0.0,1.0
detroit,1.0,0.0,1.0
corporate,2.0,0.0,2.0
taxes,3.0,0.0,3.0
welfare,2.0,0.0,2.0
jobs,6.0,0.0,6.0
michigans,1.0,0.0,1.0
plant,1.0,0.0,1.0
needs,3.0,0.0,3.0
lund,1.0,0.0,1.0
catch,1.0,0.0,1.0
bring,6.0,0.0,6.0
time,5.0,0.0,5.0
abandoned packard,1.0,0.0,1.0
michigans economy,1.0,0.0,1.0
taxes corporate,1.0,0.0,1.0
time try,1.0,0.0,1.0
ken lund,1.0,0.0,1.0
argentinians,1.0,0.0,1.0
percent,15.0,0.0,15.0
reuters,4.0,0.0,4.0
poor,2.0,0.0,2.0
saluzzo,1.0,0.0,1.0
south,2.0,0.0,2.0
elections,1.0,0.0,1.0
bank,10.0,0.0,10.0
popularity,1.0,0.0,1.0
impossible,3.0,0.0,3.0
highest,6.0,0.0,6.0
chiropractor,1.0,0.0,1.0
savers,1.0,0.0,1.0
general,3.0,0.0,3.0
american,5.0,0.0,5.0
worlds,6.0,0.0,6.0
theyre,4.0,0.0,4.0
vegetables,1.0,0.0,1.0
centreleft,1.0,0.0,1.0
brian,1.0,0.0,1.0
saw,1.0,0.0,1.0
argentinas inflation,1.0,0.0,1.0
leads polls,1.0,0.0,1.0
forecast,8.0,0.0,8.0
virovacz,1.0,0.0,1.0
banks,2.0,0.0,2.0
szakacs,1.0,0.0,1.0
soften,1.0,0.0,1.0
expansion,3.0,0.0,3.0
second,3.0,0.0,3.0
cycles,1.0,0.0,1.0
ilie,1.0,0.0,1.0
unions,3.0,0.0,3.0
january,5.0,0.0,5.0
luiza,1.0,0.0,1.0
necessarily,1.0,0.0,1.0
risks,5.0,0.0,5.0
hovetthomsonreuters,1.0,0.0,1.0
signs,2.0,0.0,2.0
friday,3.0,0.0,3.0
east,2.0,0.0,2.0
precrisis,2.0,0.0,2.0
electricity prices,1.0,0.0,1.0
macroeconomic,1.0,0.0,1.0
forecaster,1.0,0.0,1.0
mitigation,2.0,0.0,2.0
spending,3.0,0.0,3.0
slovenian,1.0,0.0,1.0
governments,2.0,0.0,2.0
year,5.0,0.0,5.0
decline,2.0,0.0,2.0
positive,5.0,0.0,5.0
encouraging,1.0,0.0,1.0
effect,3.0,0.0,3.0
stronger,2.0,0.0,2.0
autumn,1.0,0.0,1.0
outpaced,1.0,0.0,1.0
si,1.0,0.0,1.0
end,3.0,0.0,3.0
disposable,3.0,0.0,3.0
maček,1.0,0.0,1.0
sta,1.0,0.0,1.0
imad,1.0,0.0,1.0
slow,2.0,0.0,2.0
figures,2.0,0.0,2.0
director,3.0,0.0,3.0
half,5.0,0.0,5.0
bednaš,1.0,0.0,1.0
slovenias economy,1.0,0.0,1.0
households resilience,1.0,0.0,1.0
forecaster said,1.0,0.0,1.0
mitigate covid19,1.0,0.0,1.0
sanctions,4.0,0.0,4.0
egyptians,1.0,0.0,1.0
widow,1.0,0.0,1.0
giza,1.0,0.0,1.0
bread,1.0,0.0,1.0
exorbitant,1.0,0.0,1.0
abuja,1.0,0.0,1.0
alternatives,2.0,0.0,2.0
fertilizer,2.0,0.0,2.0
pergola,1.0,0.0,1.0
wash,1.0,0.0,1.0
insurance,3.0,0.0,3.0
chinedu,1.0,0.0,1.0
shop,3.0,0.0,3.0
tons,6.0,0.0,6.0
steady,1.0,0.0,1.0
warmerthanusual,1.0,0.0,1.0
dinnocenzio,1.0,0.0,1.0
models,4.0,0.0,4.0
___,1.0,0.0,1.0
shrinkflation,1.0,0.0,1.0
watches,1.0,0.0,1.0
sven,1.0,0.0,1.0
cushion,4.0,0.0,4.0
hourly,1.0,0.0,1.0
accompany,1.0,0.0,1.0
installer,1.0,0.0,1.0
poverty halima,1.0,0.0,1.0
owner watches,1.0,0.0,1.0
protein suggestion,1.0,0.0,1.0
renewal month,1.0,0.0,1.0
pessimism,1.0,0.0,1.0
interpretations,1.0,0.0,1.0
jobmarket,1.0,0.0,1.0
interests,1.0,0.0,1.0
listen,2.0,0.0,2.0
causal,1.0,0.0,1.0
lend,1.0,0.0,1.0
usedcar,1.0,0.0,1.0
weather,2.0,0.0,2.0
developments,6.0,0.0,6.0
people,5.0,0.0,5.0
numbers,3.0,0.0,3.0
sticky,1.0,0.0,1.0
squint,1.0,0.0,1.0
partisans,1.0,0.0,1.0
cacophony,1.0,0.0,1.0
postcovid,3.0,0.0,3.0
giftoutline,1.0,0.0,1.0
default,3.0,0.0,3.0
tea,1.0,0.0,1.0
directions,1.0,0.0,1.0
datapoints,1.0,0.0,1.0
worried inflation,1.0,0.0,1.0
construct narrative,1.0,0.0,1.0
times worst,1.0,0.0,1.0
giftoutline gift,1.0,0.0,1.0
tea leaves,1.0,0.0,1.0
dutch,2.0,0.0,2.0
downturn,5.0,0.0,5.0
quarters,2.0,0.0,2.0
consecutive,1.0,0.0,1.0
wouldve,1.0,0.0,1.0
factored,1.0,0.0,1.0
transportation,1.0,0.0,1.0
secondhighest,1.0,0.0,1.0
thumb,1.0,0.0,1.0
reveal,1.0,0.0,1.0
unsurprising,1.0,0.0,1.0
neighbouring,1.0,0.0,1.0
little,3.0,0.0,3.0
morning,2.0,0.0,2.0
mulligen,1.0,0.0,1.0
hein,1.0,0.0,1.0
cbs,1.0,0.0,1.0
bloc,3.0,0.0,3.0
minhanphotos,1.0,0.0,1.0
recession netherlands,1.0,0.0,1.0
cbs growth,1.0,0.0,1.0
percent average,1.0,0.0,1.0
thumb minhanphotos,1.0,0.0,1.0
digitalisation,1.0,0.0,1.0
documents,1.0,0.0,1.0
ecommerce,2.0,0.0,2.0
legal,2.0,0.0,2.0
compliance,1.0,0.0,1.0
transferable,1.0,0.0,1.0
policymakers,1.0,0.0,1.0
borders,1.0,0.0,1.0
workshop,1.0,0.0,1.0
harmonisation,1.0,0.0,1.0
connectivity,1.0,0.0,1.0
paperless,1.0,0.0,1.0
ctu,1.0,0.0,1.0
g7,2.0,0.0,2.0
secretariats,1.0,0.0,1.0
inefficiency,1.0,0.0,1.0
study,2.0,0.0,2.0
leverage,2.0,0.0,2.0
address,4.0,0.0,4.0
mletr,1.0,0.0,1.0
importance,5.0,0.0,5.0
alignment,1.0,0.0,1.0
rises,1.0,0.0,1.0
dale,1.0,0.0,1.0
uncitral,1.0,0.0,1.0
common,8.0,0.0,8.0
digital trade,1.0,0.0,1.0
reforming laws,1.0,0.0,1.0
mletr enable,1.0,0.0,1.0
solutions scale,1.0,0.0,1.0
dhabi,1.0,0.0,1.0
industrial,3.0,0.0,3.0
dirhams,1.0,0.0,1.0
agile,2.0,0.0,2.0
diversify,2.0,0.0,2.0
exports,6.0,0.0,6.0
attract,2.0,0.0,2.0
accounting,1.0,0.0,1.0
nonoil,1.0,0.0,1.0
exponential,1.0,0.0,1.0
fastest,3.0,0.0,3.0
private,2.0,0.0,2.0
policies,4.0,0.0,4.0
superiority,2.0,0.0,2.0
north,3.0,0.0,3.0
waterfront,1.0,0.0,1.0
guests,1.0,0.0,1.0
dhabis economy,1.0,0.0,1.0
growth nonoil,1.0,0.0,1.0
passenger volumes,1.0,0.0,1.0
productivity,2.0,0.0,2.0
england,1.0,0.0,1.0
reforms,3.0,0.0,3.0
haskels,1.0,0.0,1.0
reduction,3.0,0.0,3.0
overshoot,1.0,0.0,1.0
jonathan,1.0,0.0,1.0
think,1.0,0.0,1.0
tracks,1.0,0.0,1.0
unsettled,1.0,0.0,1.0
spokeswoman,1.0,0.0,1.0
evidence,2.0,0.0,2.0
extreme,2.0,0.0,2.0
hannah,2.0,0.0,2.0
grow,3.0,0.0,3.0
mckayreuters,1.0,0.0,1.0
newsletter,3.0,0.0,3.0
freedoms,1.0,0.0,1.0
utc,1.0,0.0,1.0
probrexit,1.0,0.0,1.0
protocol,1.0,0.0,1.0
brexit productivity,1.0,0.0,1.0
dropped g7,1.0,0.0,1.0
hannah mckayreuters,1.0,0.0,1.0
rafał,1.0,0.0,1.0
guzpap,1.0,0.0,1.0
economists,2.0,0.0,2.0
fourth,3.0,0.0,3.0
shrank,1.0,0.0,1.0
statistical,1.0,0.0,1.0
pap,1.0,0.0,1.0
gus,1.0,0.0,1.0
office,1.0,0.0,1.0
publish,1.0,0.0,1.0
growth second,1.0,0.0,1.0
gross domestic,1.0,0.0,1.0
polled pap,1.0,0.0,1.0
tunisians,1.0,0.0,1.0
living,1.0,0.0,1.0
drop,2.0,0.0,2.0
low,1.0,0.0,1.0
standards,2.0,0.0,2.0
faith,1.0,0.0,1.0
laurent,1.0,0.0,1.0
soar,1.0,0.0,1.0
rescue,1.0,0.0,1.0
years,3.0,0.0,3.0
brunt,1.0,0.0,1.0
ability,1.0,0.0,1.0
berstecher,1.0,0.0,1.0
tunisia economy,1.0,0.0,1.0
low salaries,1.0,0.0,1.0
berstecher explains,1.0,0.0,1.0
democratic,1.0,0.0,1.0
carbonreduction,1.0,0.0,1.0
breakthroughs,1.0,0.0,1.0
roadmaps,1.0,0.0,1.0
green,7.0,0.0,7.0
solar,2.0,0.0,2.0
oil,5.0,0.0,5.0
bettercoordinate,1.0,0.0,1.0
introduction,1.0,0.0,1.0
graphene,1.0,0.0,1.0
cuts,2.0,0.0,2.0
contenders,1.0,0.0,1.0
affordability,3.0,0.0,3.0
commitment,3.0,0.0,3.0
dependencies,1.0,0.0,1.0
cop27,1.0,0.0,1.0
disparate,1.0,0.0,1.0
traditions,1.0,0.0,1.0
transformation,1.0,0.0,1.0
insects,1.0,0.0,1.0
uneven,1.0,0.0,1.0
backdrop,1.0,0.0,1.0
handinhand,1.0,0.0,1.0
navigate,1.0,0.0,1.0
lack,3.0,0.0,3.0
capitalise,3.0,0.0,3.0
manufacturingdriven,1.0,0.0,1.0
climate policies,1.0,0.0,1.0
multistep incremental,1.0,0.0,1.0
backdrop different,1.0,0.0,1.0
cookers lack,1.0,0.0,1.0
rbas,1.0,0.0,1.0
australia,1.0,0.0,1.0
hold,2.0,0.0,2.0
stimulus,1.0,0.0,1.0
weaken,2.0,0.0,2.0
underemployment,1.0,0.0,1.0
march,4.0,0.0,4.0
dissipate,1.0,0.0,1.0
sentiment,2.0,0.0,2.0
calendar,2.0,0.0,2.0
swifter,1.0,0.0,1.0
restrictions,1.0,0.0,1.0
thought,1.0,0.0,1.0
chain,4.0,0.0,4.0
migration,2.0,0.0,2.0
nonmining,1.0,0.0,1.0
bank increase,1.0,0.0,1.0
cbas forecasts,1.0,0.0,1.0
hold pressures,1.0,0.0,1.0
boosting,1.0,0.0,1.0
gradual,1.0,0.0,1.0
baht,1.0,0.0,1.0
kitiphong,1.0,0.0,1.0
bots,1.0,0.0,1.0
mathee,1.0,0.0,1.0
secondlargest,2.0,0.0,2.0
cycle,2.0,0.0,2.0
aggressive,1.0,0.0,1.0
reasonable,1.0,0.0,1.0
orathai,1.0,0.0,1.0
help,3.0,0.0,3.0
davies,1.0,0.0,1.0
normalisation,1.0,0.0,1.0
wednesday,5.0,0.0,5.0
contain,2.0,0.0,2.0
sidelines,3.0,0.0,3.0
rate hikes,1.0,0.0,1.0
normalisation process,1.0,0.0,1.0
kishida,1.0,0.0,1.0
japans,1.0,0.0,1.0
governor,5.0,0.0,5.0
fumio,1.0,0.0,1.0
ueda,1.0,0.0,1.0
boost,4.0,0.0,4.0
framework,4.0,0.0,4.0
jesper,1.0,0.0,1.0
mr,3.0,0.0,3.0
bad,1.0,0.0,1.0
potential,12.0,0.0,12.0
direct,3.0,0.0,3.0
moodys,3.0,0.0,3.0
deal,5.0,0.0,5.0
hypothesis,1.0,0.0,1.0
pragmatist,1.0,0.0,1.0
curve,1.0,0.0,1.0
dogma,1.0,0.0,1.0
returns,3.0,0.0,3.0
surfaced,1.0,0.0,1.0
stranger,1.0,0.0,1.0
recovering pandemic,1.0,0.0,1.0
minister names,1.0,0.0,1.0
shoot hip,1.0,0.0,1.0
manufacturers,1.0,0.0,1.0
quarterly,2.0,0.0,2.0
confidence,5.0,0.0,5.0
sectorial,1.0,0.0,1.0
deterioration,2.0,0.0,2.0
naira,1.0,0.0,1.0
improvement,1.0,0.0,1.0
environment,2.0,0.0,2.0
challenges,3.0,0.0,3.0
wage,1.0,0.0,1.0
insufficient,1.0,0.0,1.0
membercompanies,1.0,0.0,1.0
macroeconomy,2.0,0.0,2.0
imagine,1.0,0.0,1.0
operators,2.0,0.0,2.0
underlined,2.0,0.0,2.0
unpredictability,1.0,0.0,1.0
pulse,1.0,0.0,1.0
diffusion,1.0,0.0,1.0
capitals,2.0,0.0,2.0
russianukrainian,1.0,0.0,1.0
persisting,1.0,0.0,1.0
nigerian economy,1.0,0.0,1.0
manufacturers confidence,1.0,0.0,1.0
points decline,1.0,0.0,1.0
pulse operators,1.0,0.0,1.0
ceramics,1.0,0.0,1.0
bricks,1.0,0.0,1.0
microwave,1.0,0.0,1.0
hydrogen,4.0,0.0,4.0
reusable,1.0,0.0,1.0
drying,1.0,0.0,1.0
options,1.0,0.0,1.0
extraction,2.0,0.0,2.0
fossil,1.0,0.0,1.0
roof,1.0,0.0,1.0
royal,2.0,0.0,2.0
steps,2.0,0.0,2.0
collaboration,1.0,0.0,1.0
impact,7.0,0.0,7.0
possible,5.0,0.0,5.0
techniques,2.0,0.0,2.0
related,1.0,0.0,1.0
new,13.0,0.0,13.0
various,3.0,0.0,3.0
range,3.0,0.0,3.0
sees,2.0,0.0,2.0
fired,1.0,0.0,1.0
critical,4.0,0.0,4.0
broadening,1.0,0.0,1.0
circular ceramic,1.0,0.0,1.0
environmental impact,1.0,0.0,1.0
detachable products,1.0,0.0,1.0
steps path,1.0,0.0,1.0
extinction,1.0,0.0,1.0
impacts,5.0,0.0,5.0
earth,1.0,0.0,1.0
naturepositive,1.0,0.0,1.0
floodplains,1.0,0.0,1.0
mammals,1.0,0.0,1.0
renewable,4.0,0.0,4.0
planetcompatible,1.0,0.0,1.0
cop15,1.0,0.0,1.0
densification,1.0,0.0,1.0
stop,2.0,0.0,2.0
flora,1.0,0.0,1.0
montreal,1.0,0.0,1.0
trips,1.0,0.0,1.0
chance,2.0,0.0,2.0
refers,1.0,0.0,1.0
guterres,1.0,0.0,1.0
surfaces,1.0,0.0,1.0
assessment,2.0,0.0,2.0
pipelines,1.0,0.0,1.0
theres,5.0,0.0,5.0
dependence,2.0,0.0,2.0
forums,2.0,0.0,2.0
sensors,1.0,0.0,1.0
true,4.0,0.0,4.0
higherdensity,1.0,0.0,1.0
stark,1.0,0.0,1.0
reduce biodiversity,1.0,0.0,1.0
conference time,1.0,0.0,1.0
warning risks,1.0,0.0,1.0
olivier,1.0,0.0,1.0
wealth,1.0,0.0,1.0
securities,2.0,0.0,2.0
estate,3.0,0.0,3.0
planner,1.0,0.0,1.0
dentist,1.0,0.0,1.0
firm,2.0,0.0,2.0
ethical,1.0,0.0,1.0
businesses,4.0,0.0,4.0
management,2.0,0.0,2.0
practitioner,1.0,0.0,1.0
baton,1.0,0.0,1.0
louisiana,2.0,0.0,2.0
registrations,1.0,0.0,1.0
resourceful,1.0,0.0,1.0
family,1.0,0.0,1.0
writer,1.0,0.0,1.0
certificates,1.0,0.0,1.0
assist,1.0,0.0,1.0
association,3.0,0.0,3.0
topnotch,1.0,0.0,1.0
council,2.0,0.0,2.0
work,2.0,0.0,2.0
journal,1.0,0.0,1.0
rouge,1.0,0.0,1.0
institute,3.0,0.0,3.0
experience,6.0,0.0,6.0
continued,1.0,0.0,1.0
prominent,1.0,0.0,1.0
joy,1.0,0.0,1.0
addition,4.0,0.0,4.0
chad olivier,1.0,0.0,1.0
practitioner owns,1.0,0.0,1.0
louisiana dental,1.0,0.0,1.0
topnotch ethical,1.0,0.0,1.0
iclei,1.0,0.0,1.0
berlins,1.0,0.0,1.0
agreement,2.0,0.0,2.0
universities,2.0,0.0,2.0
co2,2.0,0.0,2.0
hwr,1.0,0.0,1.0
reductions,2.0,0.0,2.0
participants,1.0,0.0,1.0
mobility,1.0,0.0,1.0
democrats,2.0,0.0,2.0
law,2.0,0.0,2.0
neutral,1.0,0.0,1.0
commits,1.0,0.0,1.0
social,2.0,0.0,2.0
shares,2.0,0.0,2.0
materials,2.0,0.0,2.0
spaces,1.0,0.0,1.0
doover,1.0,0.0,1.0
yesterday,1.0,0.0,1.0
iclei iclei,1.0,0.0,1.0
berlin school,1.0,0.0,1.0
efficiency infrastructure,1.0,0.0,1.0
adding roof,1.0,0.0,1.0
shocks,3.0,0.0,3.0
countries,3.0,0.0,3.0
concerns,1.0,0.0,1.0
outbreak,1.0,0.0,1.0
read,5.0,0.0,5.0
indication,1.0,0.0,1.0
unforeseen,1.0,0.0,1.0
october,2.0,0.0,2.0
talks,1.0,0.0,1.0
inputs,2.0,0.0,2.0
level,2.0,0.0,2.0
snag,1.0,0.0,1.0
kristalina,3.0,0.0,3.0
tunnel,1.0,0.0,1.0
global inflation,1.0,0.0,1.0
resilience levels,1.0,0.0,1.0
md kristalina,1.0,0.0,1.0
board,3.0,0.0,3.0
conclusion,2.0,0.0,2.0
table,3.0,0.0,3.0
issues,2.0,0.0,2.0
member,1.0,0.0,1.0
come,1.0,0.0,1.0
conclusion explore,1.0,0.0,1.0
governor come,1.0,0.0,1.0
table time,1.0,0.0,1.0
issues angle,1.0,0.0,1.0
investors,3.0,0.0,3.0
managers,2.0,0.0,2.0
stagflation,1.0,0.0,1.0
systemic,3.0,0.0,3.0
lowest,2.0,0.0,2.0
likely,7.0,0.0,7.0
china,2.0,0.0,2.0
credit,3.0,0.0,3.0
geopolitics,1.0,0.0,1.0
strict,1.0,0.0,1.0
net,2.0,0.0,2.0
reason,1.0,0.0,1.0
probability,1.0,0.0,1.0
stands,1.0,0.0,1.0
global fund,1.0,0.0,1.0
pessimism february,1.0,0.0,1.0
tail risks,1.0,0.0,1.0
continue stagflation,1.0,0.0,1.0
egypt,1.0,0.0,1.0
enterprises,1.0,0.0,1.0
monetary,2.0,0.0,2.0
indebted,1.0,0.0,1.0
aid,1.0,0.0,1.0
belhaj,1.0,0.0,1.0
bloomberg,5.0,0.0,5.0
tourism,6.0,0.0,6.0
secure,2.0,0.0,2.0
staterun,1.0,0.0,1.0
transparency,1.0,0.0,1.0
regulator,1.0,0.0,1.0
mena,2.0,0.0,2.0
rating,3.0,0.0,3.0
ferid,1.0,0.0,1.0
revamp,1.0,0.0,1.0
channel,1.0,0.0,1.0
thrive,3.0,0.0,3.0
announce,1.0,0.0,1.0
jobless,1.0,0.0,1.0
shrink,1.0,0.0,1.0
effort,1.0,0.0,1.0
app,2.0,0.0,2.0
huge,2.0,0.0,2.0
touches,1.0,0.0,1.0
parameters,1.0,0.0,1.0
senior,5.0,0.0,5.0
companies egypt,1.0,0.0,1.0
transparent debt,1.0,0.0,1.0
ferid belhaj,1.0,0.0,1.0
footprint staterun,1.0,0.0,1.0
cpi,1.0,0.0,1.0
power,1.0,0.0,1.0
sethi,1.0,0.0,1.0
strong,1.0,0.0,1.0
sarat,1.0,0.0,1.0
twitter,1.0,0.0,1.0
number,3.0,0.0,3.0
look,1.0,0.0,1.0
share,3.0,0.0,3.0
lunch,1.0,0.0,1.0
linkedin,6.0,0.0,6.0
path,5.0,0.0,5.0
discuss,3.0,0.0,3.0
economy strong,1.0,0.0,1.0
hotterthanexpected cpi,1.0,0.0,1.0
sethi dclas,1.0,0.0,1.0
sees feds,1.0,0.0,1.0
forecasters,1.0,0.0,1.0
unemployment,4.0,0.0,4.0
easing,2.0,0.0,2.0
rouse,1.0,0.0,1.0
biden,3.0,0.0,3.0
chair,2.0,0.0,2.0
washington,1.0,0.0,1.0
affordable,1.0,0.0,1.0
nursing,2.0,0.0,2.0
bipartisan,1.0,0.0,1.0
invest,2.0,0.0,2.0
bumps,1.0,0.0,1.0
brady,1.0,0.0,1.0
hairdressers,1.0,0.0,1.0
primeage,1.0,0.0,1.0
lows,2.0,0.0,2.0
chips,2.0,0.0,2.0
sick,1.0,0.0,1.0
novel,1.0,0.0,1.0
tell,3.0,0.0,3.0
signature,2.0,0.0,2.0
inflation 2022,1.0,0.0,1.0
cecilia rouse,1.0,0.0,1.0
chair cautious,1.0,0.0,1.0
asean,2.0,0.0,2.0
tourismdependent,1.0,0.0,1.0
consumption,5.0,0.0,5.0
vietnams,1.0,0.0,1.0
sihanoukville,1.0,0.0,1.0
exporters,1.0,0.0,1.0
bookings,1.0,0.0,1.0
rai,1.0,0.0,1.0
threeyear,1.0,0.0,1.0
geopolitical,2.0,0.0,2.0
headwinds,2.0,0.0,2.0
airport,1.0,0.0,1.0
primechinadailyapac,1.0,0.0,1.0
kinds,1.0,0.0,1.0
metals,1.0,0.0,1.0
professor,2.0,0.0,2.0
integral,3.0,0.0,3.0
natixis,1.0,0.0,1.0
provider,1.0,0.0,1.0
normalization,2.0,0.0,2.0
rush,1.0,0.0,1.0
chinese tourists,1.0,0.0,1.0
gdp grew,1.0,0.0,1.0
look revival,1.0,0.0,1.0
components benefit,1.0,0.0,1.0
valley,2.0,0.0,2.0
silicon,1.0,0.0,1.0
venture,1.0,0.0,1.0
francisco,1.0,0.0,1.0
layoffs,3.0,0.0,3.0
disparities,2.0,0.0,2.0
highlevel,1.0,0.0,1.0
capitalistic,1.0,0.0,1.0
vacancy,1.0,0.0,1.0
largescale,1.0,0.0,1.0
bachelors,1.0,0.0,1.0
divides,1.0,0.0,1.0
pronounced,1.0,0.0,1.0
clawbacks,1.0,0.0,1.0
inequality,3.0,0.0,3.0
kong,1.0,0.0,1.0
drastic,2.0,0.0,2.0
geha,1.0,0.0,1.0
thatwith,1.0,0.0,1.0
estimations,1.0,0.0,1.0
despondent,1.0,0.0,1.0
email,5.0,0.0,5.0
silicon valley,1.0,0.0,1.0
slowdown pandemicdriven,1.0,0.0,1.0
clawbacks adjustment,1.0,0.0,1.0
worth households,1.0,0.0,1.0
report defines,1.0,0.0,1.0
maharashtra,1.0,0.0,1.0
agriculture,3.0,0.0,3.0
income,6.0,0.0,6.0
fiveyearplan,1.0,0.0,1.0
devara,1.0,0.0,1.0
market,5.0,0.0,5.0
eac,1.0,0.0,1.0
shinde,1.0,0.0,1.0
blueprint,2.0,0.0,2.0
advise,1.0,0.0,1.0
fadnavis,1.0,0.0,1.0
lions,1.0,0.0,1.0
imbalances,3.0,0.0,3.0
comprises,2.0,0.0,2.0
ports,2.0,0.0,2.0
matters,1.0,0.0,1.0
honchos,1.0,0.0,1.0
mody,1.0,0.0,1.0
holistic,1.0,0.0,1.0
imperative,3.0,0.0,3.0
submit,1.0,0.0,1.0
growth maharashtra,1.0,0.0,1.0
dollar economy,1.0,0.0,1.0
needs set,1.0,0.0,1.0
pictetregeneration,1.0,0.0,1.0
biodiversity,1.0,0.0,1.0
companies,2.0,0.0,2.0
resources,1.0,0.0,1.0
bofa,1.0,0.0,1.0
invests,1.0,0.0,1.0
products,2.0,0.0,2.0
facilitat,1.0,0.0,1.0
capital,8.0,0.0,8.0
useful,1.0,0.0,1.0
develop,2.0,0.0,2.0
overconsumption,1.0,0.0,1.0
services,2.0,0.0,2.0
lives,1.0,0.0,1.0
rapid,1.0,0.0,1.0
counter,1.0,0.0,1.0
aim,1.0,0.0,1.0
european,2.0,0.0,2.0
include,1.0,0.0,1.0
lower,1.0,0.0,1.0
natural resources,1.0,0.0,1.0
companies invests,1.0,0.0,1.0
국민소득총괄팀장은,1.0,0.0,1.0
국내총생산과,1.0,0.0,1.0
실질무역손실이,1.0,0.0,1.0
무역손익의,1.0,0.0,1.0
국내총생산gdp은,1.0,0.0,1.0
국내총소득gdi이,1.0,0.0,1.0
생산활동에,1.0,0.0,1.0
변동폭이,1.0,0.0,1.0
에너지류의,1.0,0.0,1.0
규모와,1.0,0.0,1.0
이관교,1.0,0.0,1.0
수출입,1.0,0.0,1.0
실질,1.0,0.0,1.0
클립아트코리아,2.0,0.0,2.0
확대와,1.0,0.0,1.0
지표,1.0,0.0,1.0
반면,1.0,0.0,1.0
두번1980년,1.0,0.0,1.0
사상,2.0,0.0,2.0
변화에,2.0,0.0,2.0
보더라도,1.0,0.0,1.0
교역,1.0,0.0,1.0
점에서,1.0,0.0,1.0
포함한,1.0,0.0,1.0
누르면,1.0,0.0,1.0
gni,1.0,0.0,1.0
크다,1.0,0.0,1.0
kr,2.0,0.0,2.0
sbparkhani,1.0,0.0,1.0
것으로 추정된다,1.0,0.0,1.0
sbparkhani kr,1.0,0.0,1.0
vocational,1.0,0.0,1.0
dual,1.0,0.0,1.0
switzerland,1.0,0.0,1.0
requirements,5.0,0.0,5.0
tertiary,2.0,0.0,2.0
partnership,2.0,0.0,2.0
syunik,1.0,0.0,1.0
sda,1.0,0.0,1.0
chf,1.0,0.0,1.0
armenianswiss,1.0,0.0,1.0
zusammenarbeit,1.0,0.0,1.0
piloting,1.0,0.0,1.0
farmer,2.0,0.0,2.0
subsectors,1.0,0.0,1.0
für,1.0,0.0,1.0
armavir,1.0,0.0,1.0
maveta,1.0,0.0,1.0
seek,4.0,0.0,4.0
emin,1.0,0.0,1.0
earthquake,1.0,0.0,1.0
solve,1.0,0.0,1.0
mediamax,1.0,0.0,1.0
goris,1.0,0.0,1.0
dual vocational,1.0,0.0,1.0
armenia began,1.0,0.0,1.0
rates europe,1.0,0.0,1.0
allocated chf,1.0,0.0,1.0
cook 1487,1.0,0.0,1.0
mining,1.0,0.0,1.0
australians,1.0,0.0,1.0
aluminium,1.0,0.0,1.0
exporter,2.0,0.0,2.0
demand,4.0,0.0,4.0
magnate,1.0,0.0,1.0
precious,1.0,0.0,1.0
decades,3.0,0.0,3.0
storage,2.0,0.0,2.0
ms,1.0,0.0,1.0
cent,1.0,0.0,1.0
mines,3.0,0.0,3.0
discourage,1.0,0.0,1.0
heyday,1.0,0.0,1.0
lowy,1.0,0.0,1.0
rural,3.0,0.0,3.0
generate,2.0,0.0,2.0
driven,2.0,0.0,2.0
tyranny,1.0,0.0,1.0
tania,1.0,0.0,1.0
candidates,2.0,0.0,2.0
rockets,1.0,0.0,1.0
opencut,1.0,0.0,1.0
enable,8.0,0.0,8.0
plibersek,1.0,0.0,1.0
energy prices,1.0,0.0,1.0
earnings forecast,1.0,0.0,1.0
ensure policies,1.0,0.0,1.0
epidemic,1.0,0.0,1.0
hainan,1.0,0.0,1.0
zhang,1.0,0.0,1.0
equilibrium,1.0,0.0,1.0
prioritize,2.0,0.0,2.0
sluggish,1.0,0.0,1.0
macroeconomist,1.0,0.0,1.0
pursuit,1.0,0.0,1.0
province,1.0,0.0,1.0
dynamic,1.0,0.0,1.0
reform,3.0,0.0,3.0
store,2.0,0.0,2.0
upgrades,1.0,0.0,1.0
inadequate,1.0,0.0,1.0
gloomy,1.0,0.0,1.0
conducive,1.0,0.0,1.0
generates,1.0,0.0,1.0
fellow,1.0,0.0,1.0
hefei,1.0,0.0,1.0
ruidong,1.0,0.0,1.0
jan,2.0,0.0,2.0
demand china,1.0,0.0,1.0
epidemic control,1.0,0.0,1.0
pentup potential,1.0,0.0,1.0
upgrades developing,1.0,0.0,1.0
faced sluggish,1.0,0.0,1.0
sofi,1.0,0.0,1.0
portfolio,1.0,0.0,1.0
lending,1.0,0.0,1.0
proponents,1.0,0.0,1.0
fourthquarter,1.0,0.0,1.0
onestop,1.0,0.0,1.0
likelier,1.0,0.0,1.0
bulls,1.0,0.0,1.0
examine,1.0,0.0,1.0
defaults,1.0,0.0,1.0
terrible,2.0,0.0,2.0
tend,1.0,0.0,1.0
uncollateralized,1.0,0.0,1.0
shunned,1.0,0.0,1.0
higherquality,1.0,0.0,1.0
hawkish,1.0,0.0,1.0
regardless,1.0,0.0,1.0
investors sofi,1.0,0.0,1.0
average pricetobook,1.0,0.0,1.0
rate environment,1.0,0.0,1.0
decreased size,1.0,0.0,1.0
estonia,1.0,0.0,1.0
labor,1.0,0.0,1.0
rootalu,1.0,0.0,1.0
kadri,1.0,0.0,1.0
ict,1.0,0.0,1.0
engineering,1.0,0.0,1.0
eero,1.0,0.0,1.0
err,1.0,0.0,1.0
moment,1.0,0.0,1.0
miss,1.0,0.0,1.0
rise,1.0,0.0,1.0
pages,1.0,0.0,1.0
analyzed tax,1.0,0.0,1.0
explained rootalu,1.0,0.0,1.0
stay work,1.0,0.0,1.0
longer periods,1.0,0.0,1.0
gas,2.0,0.0,2.0
eurozone,1.0,0.0,1.0
annual,6.0,0.0,6.0
utilities,1.0,0.0,1.0
conservation,1.0,0.0,1.0
summer,2.0,0.0,2.0
technical,3.0,0.0,3.0
negative,7.0,0.0,7.0
fears,3.0,0.0,3.0
headlines,3.0,0.0,3.0
ukraines,1.0,0.0,1.0
astronomical,1.0,0.0,1.0
manage,3.0,0.0,3.0
gleaners,1.0,0.0,1.0
cut,2.0,0.0,2.0
wont,2.0,0.0,2.0
gentiloni,1.0,0.0,1.0
declare,1.0,0.0,1.0
achievement,1.0,0.0,1.0
gas prices,2.0,0.0,2.0
eu countries,1.0,0.0,1.0
dampens growth,1.0,0.0,1.0
record levels,1.0,0.0,1.0
subsidy,1.0,0.0,1.0
lawmakers,4.0,0.0,4.0
ira,1.0,0.0,1.0
finance,1.0,0.0,1.0
union,2.0,0.0,2.0
cars,1.0,0.0,1.0
bruno,1.0,0.0,1.0
smaller,3.0,0.0,3.0
competitiveness,3.0,0.0,3.0
relax,1.0,0.0,1.0
example,3.0,0.0,3.0
discriminating,1.0,0.0,1.0
deployed,1.0,0.0,1.0
germanys finance,1.0,0.0,1.0
climate energy,1.0,0.0,1.0
reduction act,1.0,0.0,1.0
bloc boost,1.0,0.0,1.0
agreed week,1.0,0.0,1.0
chinaeurope,1.0,0.0,1.0
philippe,1.0,0.0,1.0
neutrality,1.0,0.0,1.0
shi,1.0,0.0,1.0
prnewswire,1.0,0.0,1.0
brokers,1.0,0.0,1.0
valuable,1.0,0.0,1.0
yong,1.0,0.0,1.0
lowcarbon,2.0,0.0,2.0
leadership,1.0,0.0,1.0
platform,1.0,0.0,1.0
sophia,1.0,0.0,1.0
invigorate,1.0,0.0,1.0
park,1.0,0.0,1.0
picture,1.0,0.0,1.0
writes,1.0,0.0,1.0
peoples,1.0,0.0,1.0
counsellor,1.0,0.0,1.0
highlights,2.0,0.0,2.0
green economic,1.0,0.0,1.0
report chinese,1.0,0.0,1.0
ceo sophia,1.0,0.0,1.0
scope path,1.0,0.0,1.0
alberta,1.0,0.0,1.0
circularity,2.0,0.0,2.0
commercialization,1.0,0.0,1.0
renewtech,1.0,0.0,1.0
financing,4.0,0.0,4.0
cumulative,1.0,0.0,1.0
biproduct,1.0,0.0,1.0
composites,1.0,0.0,1.0
epr,1.0,0.0,1.0
crts,1.0,0.0,1.0
straw,1.0,0.0,1.0
shovelready,1.0,0.0,1.0
hydrovac,1.0,0.0,1.0
sequestration,1.0,0.0,1.0
rimrock,1.0,0.0,1.0
bitumen,1.0,0.0,1.0
decarbonization,2.0,0.0,2.0
chris,2.0,0.0,2.0
endoflife,1.0,0.0,1.0
independent,5.0,0.0,5.0
pugsley,1.0,0.0,1.0
suncor,1.0,0.0,1.0
divert,2.0,0.0,2.0
adoption,2.0,0.0,2.0
zerowaste,1.0,0.0,1.0
alberta circular,1.0,0.0,1.0
economy model,1.0,0.0,1.0
accelerate development,1.0,0.0,1.0
reduce ghgs,1.0,0.0,1.0
taxation,1.0,0.0,1.0
economique,1.0,0.0,1.0
europewide,1.0,0.0,1.0
auditing,1.0,0.0,1.0
euractiv,1.0,0.0,1.0
le,1.0,0.0,1.0
cae,1.0,0.0,1.0
distortions,1.0,0.0,1.0
states,2.0,0.0,2.0
levers,1.0,0.0,1.0
outlier,1.0,0.0,1.0
montaigne,1.0,0.0,1.0
sources,4.0,0.0,4.0
directive,1.0,0.0,1.0
optimisation,1.0,0.0,1.0
burdensome,1.0,0.0,1.0
instance,2.0,0.0,2.0
danalyse,1.0,0.0,1.0
abatements,1.0,0.0,1.0
valueadd,1.0,0.0,1.0
schemes,3.0,0.0,3.0
tank,1.0,0.0,1.0
fraction,1.0,0.0,1.0
stupid,1.0,0.0,1.0
apply,1.0,0.0,1.0
production taxes,1.0,0.0,1.0
far lisa,1.0,0.0,1.0
institut montaigne,1.0,0.0,1.0
encourageand enable,1.0,0.0,1.0
antrim,1.0,0.0,1.0
disqualification,1.0,0.0,1.0
creditors,1.0,0.0,1.0
proceedings,1.0,0.0,1.0
nic,1.0,0.0,1.0
offence,1.0,0.0,1.0
hmrc,2.0,0.0,2.0
cloughmills,1.0,0.0,1.0
contravenes,1.0,0.0,1.0
mckenna,1.0,0.0,1.0
deficiency,1.0,0.0,1.0
liquidators,1.0,0.0,1.0
executive,4.0,0.0,4.0
minimum,1.0,0.0,1.0
false,2.0,0.0,2.0
kilrea,1.0,0.0,1.0
permission,2.0,0.0,2.0
provision,3.0,0.0,3.0
accuracy,1.0,0.0,1.0
fine,1.0,0.0,1.0
inhibit,1.0,0.0,1.0
suggest,3.0,0.0,3.0
pressofficeeconomyni,1.0,0.0,1.0
way,8.0,0.0,8.0
seriousness,2.0,0.0,2.0
channels,1.0,0.0,1.0
antrim bt44,1.0,0.0,1.0
directors disqualification,1.0,0.0,1.0
contact insolvency,1.0,0.0,1.0
restated deficiency,1.0,0.0,1.0
accurate returns,1.0,0.0,1.0
sweden,1.0,0.0,1.0
eus,1.0,0.0,1.0
indebtedness,1.0,0.0,1.0
ulf,1.0,0.0,1.0
sek,1.0,0.0,1.0
families,3.0,0.0,3.0
minimal,1.0,0.0,1.0
quran,1.0,0.0,1.0
willing,2.0,0.0,2.0
prepare,1.0,0.0,1.0
folksam,1.0,0.0,1.0
cow,1.0,0.0,1.0
uc,1.0,0.0,1.0
expected highest,1.0,0.0,1.0
rate fluctuations,1.0,0.0,1.0
flowers,1.0,0.0,1.0
qian,1.0,0.0,1.0
dounan,1.0,0.0,1.0
courier,1.0,0.0,1.0
shenchong,1.0,0.0,1.0
luxury,1.0,0.0,1.0
festivals,1.0,0.0,1.0
fei,1.0,0.0,1.0
xinhua,1.0,0.0,1.0
countrys,2.0,0.0,2.0
preferences,1.0,0.0,1.0
refrigeration,1.0,0.0,1.0
producer,1.0,0.0,1.0
feb,1.0,0.0,1.0
beautiful,1.0,0.0,1.0
unimaginable,1.0,0.0,1.0
branch,1.0,0.0,1.0
postharvest,2.0,0.0,2.0
routine,1.0,0.0,1.0
lin,1.0,0.0,1.0
woman,1.0,0.0,1.0
highquality,2.0,0.0,2.0
refuse,1.0,0.0,1.0
flower market,1.0,0.0,1.0
said chen,1.0,0.0,1.0
days average,1.0,0.0,1.0
transportation mode,1.0,0.0,1.0
slovakia,1.0,0.0,1.0
christmas,1.0,0.0,1.0
yearend,1.0,0.0,1.0
tržnica,1.0,0.0,1.0
yoy,2.0,0.0,2.0
qoq,1.0,0.0,1.0
matej,1.0,0.0,1.0
horňák,1.0,0.0,1.0
optimistic,5.0,0.0,5.0
republic,1.0,0.0,1.0
unicredit,1.0,0.0,1.0
limited,1.0,0.0,1.0
ľubomír,1.0,0.0,1.0
turn,1.0,0.0,1.0
constant,1.0,0.0,1.0
courtesy,1.0,0.0,1.0
stará,1.0,0.0,1.0
memo,1.0,0.0,1.0
versus,1.0,0.0,1.0
attributes,1.0,0.0,1.0
alltime,2.0,0.0,2.0
font,1.0,0.0,1.0
slovak economy,1.0,0.0,1.0
reached 23,1.0,0.0,1.0
reusables,1.0,0.0,1.0
container,1.0,0.0,1.0
lifecycle,1.0,0.0,1.0
polypropylene,1.0,0.0,1.0
sanitation,1.0,0.0,1.0
singleuse,1.0,0.0,1.0
consumes,1.0,0.0,1.0
manufacturer,1.0,0.0,1.0
serviceware,1.0,0.0,1.0
greentogo,1.0,0.0,1.0
batch,1.0,0.0,1.0
redishs,1.0,0.0,1.0
prevalent,1.0,0.0,1.0
customize,1.0,0.0,1.0
esg,3.0,0.0,3.0
venues,1.0,0.0,1.0
carrie,1.0,0.0,1.0
vanderlips,1.0,0.0,1.0
flighttype,1.0,0.0,1.0
traction,2.0,0.0,2.0
couple,1.0,0.0,1.0
youngest,1.0,0.0,1.0
emissions water,1.0,0.0,1.0
using redishs,1.0,0.0,1.0
slow gain,1.0,0.0,1.0
fund,3.0,0.0,3.0
councils,3.0,0.0,3.0
tonnes,2.0,0.0,2.0
resorts,1.0,0.0,1.0
cbd,1.0,0.0,1.0
organics,1.0,0.0,1.0
buildings,1.0,0.0,1.0
victorian,1.0,0.0,1.0
guidelines,2.0,0.0,2.0
australias,1.0,0.0,1.0
solutions,3.0,0.0,3.0
final,1.0,0.0,1.0
regional,2.0,0.0,2.0
outline,2.0,0.0,2.0
ce,1.0,0.0,1.0
repair,1.0,0.0,1.0
tool,2.0,0.0,2.0
stories,1.0,0.0,1.0
guide australias,1.0,0.0,1.0
apply grants,1.0,0.0,1.0
transition circular,1.0,0.0,1.0
edwards,1.0,0.0,1.0
sba,1.0,0.0,1.0
conference,1.0,0.0,1.0
grant,1.0,0.0,1.0
troy,2.0,0.0,2.0
officials,1.0,0.0,1.0
university,1.0,0.0,1.0
wafb,1.0,0.0,1.0
casillas,1.0,0.0,1.0
usda,1.0,0.0,1.0
bel,1.0,0.0,1.0
carter,1.0,0.0,1.0
dennis,1.0,0.0,1.0
broadband,1.0,0.0,1.0
homes,1.0,0.0,1.0
spectrum,2.0,0.0,2.0
prosperity,1.0,0.0,1.0
vilsack,1.0,0.0,1.0
direction,1.0,0.0,1.0
project,1.0,0.0,1.0
opportunity,2.0,0.0,2.0
small,4.0,0.0,4.0
isabella,1.0,0.0,1.0
typo,1.0,0.0,1.0
shields,1.0,0.0,1.0
copyright,2.0,0.0,2.0
louisiana news,1.0,0.0,1.0
sba administrator,1.0,0.0,1.0
congressman troy,1.0,0.0,1.0
discuss investments,1.0,0.0,1.0
texas,1.0,0.0,1.0
wages,2.0,0.0,2.0
kerr,1.0,0.0,1.0
wake,1.0,0.0,1.0
tech,2.0,0.0,2.0
effects,1.0,0.0,1.0
sustain,1.0,0.0,1.0
spike,1.0,0.0,1.0
blown,1.0,0.0,1.0
contraction,2.0,0.0,2.0
dont,1.0,0.0,1.0
moderation,2.0,0.0,2.0
spill,1.0,0.0,1.0
population,5.0,0.0,5.0
healthy,1.0,0.0,1.0
transcript,1.0,0.0,1.0
twothirds,1.0,0.0,1.0
wrong,2.0,0.0,2.0
texas economy,1.0,0.0,1.0
pandemic recovery,1.0,0.0,1.0
temples,1.0,0.0,1.0
visitors,2.0,0.0,2.0
indonesian,1.0,0.0,1.0
nft,1.0,0.0,1.0
himam,1.0,0.0,1.0
artifacts,2.0,0.0,2.0
ceremonial,1.0,0.0,1.0
collectors,1.0,0.0,1.0
quantumtemple,1.0,0.0,1.0
instagram,1.0,0.0,1.0
web3,1.0,0.0,1.0
foundation,4.0,0.0,4.0
musicians,1.0,0.0,1.0
accolade,1.0,0.0,1.0
promote,2.0,0.0,2.0
knowledge,1.0,0.0,1.0
miami,1.0,0.0,1.0
ancestral,1.0,0.0,1.0
refreshments,1.0,0.0,1.0
newswire,2.0,0.0,2.0
physical,1.0,0.0,1.0
httpswww,2.0,0.0,2.0
logs,2.0,0.0,2.0
paths,1.0,0.0,1.0
comnewsroomattachmentng0648a885d4fe4ec2a54752967ede9b8b,1.0,0.0,1.0
wagner,1.0,0.0,1.0
equitable,1.0,0.0,1.0
katyhowl,1.0,0.0,1.0
display,2.0,0.0,2.0
quantum temples,1.0,0.0,1.0
share indonesian,1.0,0.0,1.0
miami beach,1.0,0.0,1.0
development digital,1.0,0.0,1.0
multilateral,2.0,0.0,2.0
restructuring,1.0,0.0,1.0
zambia,1.0,0.0,1.0
institutions,4.0,0.0,4.0
g20,1.0,0.0,1.0
kant,1.0,0.0,1.0
guarantees,1.0,0.0,1.0
amitabh,1.0,0.0,1.0
relief,5.0,0.0,5.0
western,2.0,0.0,2.0
reminder,1.0,0.0,1.0
settle,1.0,0.0,1.0
avoid,1.0,0.0,1.0
club,1.0,0.0,1.0
paris,2.0,0.0,2.0
biggest,4.0,0.0,4.0
manner,1.0,0.0,1.0
sherpa,1.0,0.0,1.0
december,2.0,0.0,2.0
losses,2.0,0.0,2.0
presidency,1.0,0.0,1.0
transparent,1.0,0.0,1.0
positions,1.0,0.0,1.0
chinese debt,1.0,0.0,1.0
bengaluru global,1.0,0.0,1.0
framework blueprint,1.0,0.0,1.0
block relief,1.0,0.0,1.0
maines,1.0,0.0,1.0
mills,2.0,0.0,2.0
shortage,2.0,0.0,2.0
investments,4.0,0.0,4.0
multimilliondollar,1.0,0.0,1.0
housing,1.0,0.0,1.0
wabi,1.0,0.0,1.0
careers,1.0,0.0,1.0
proposals,2.0,0.0,2.0
strengthen,2.0,0.0,2.0
nonpartisan,1.0,0.0,1.0
storms,1.0,0.0,1.0
harbor,1.0,0.0,1.0
dozen,1.0,0.0,1.0
unreal,1.0,0.0,1.0
remain,2.0,0.0,2.0
message,1.0,0.0,1.0
raroostook,1.0,0.0,1.0
elderly,1.0,0.0,1.0
faulkingham,1.0,0.0,1.0
ignores,1.0,0.0,1.0
maines revenues,1.0,0.0,1.0
multimilliondollar proposals,1.0,0.0,1.0
acquire skills,1.0,0.0,1.0
ohio,1.0,0.0,1.0
woio,1.0,0.0,1.0
orders,1.0,0.0,1.0
hundreds,2.0,0.0,2.0
sale,1.0,0.0,1.0
productions,1.0,0.0,1.0
quantity,2.0,0.0,2.0
area,1.0,0.0,1.0
india,2.0,0.0,2.0
lines,1.0,0.0,1.0
air,2.0,0.0,2.0
house,1.0,0.0,1.0
happening,1.0,0.0,1.0
signals,2.0,0.0,2.0
white,1.0,0.0,1.0
plants,1.0,0.0,1.0
special,1.0,0.0,1.0
chatterji,1.0,0.0,1.0
advisor,1.0,0.0,1.0
ronnie,1.0,0.0,1.0
implementation,2.0,0.0,2.0
advisor chips,1.0,0.0,1.0
regime,1.0,0.0,1.0
tunisias,1.0,0.0,1.0
islamist,1.0,0.0,1.0
journalists,2.0,0.0,2.0
noureddine,1.0,0.0,1.0
judiciary,1.0,0.0,1.0
inflame,1.0,0.0,1.0
boutar,1.0,0.0,1.0
youth,2.0,0.0,2.0
birthplace,1.0,0.0,1.0
alturki,1.0,0.0,1.0
prime,4.0,0.0,4.0
undermine,1.0,0.0,1.0
mosaique,1.0,0.0,1.0
opinions,1.0,0.0,1.0
weekend,2.0,0.0,2.0
bhiri,1.0,0.0,1.0
let,1.0,0.0,1.0
ugtt,1.0,0.0,1.0
loan,2.0,0.0,2.0
didnt,1.0,0.0,1.0
chiefs,1.0,0.0,1.0
slide,1.0,0.0,1.0
tunisian authorities,1.0,0.0,1.0
tuesday voiced,1.0,0.0,1.0
include noureddine,1.0,0.0,1.0
opinions wont,1.0,0.0,1.0
monetarypolicy,1.0,0.0,1.0
corruption,2.0,0.0,2.0
lenders,1.0,0.0,1.0
rozhkova,1.0,0.0,1.0
melitopol,1.0,0.0,1.0
withdrawals,1.0,0.0,1.0
advice,3.0,0.0,3.0
assess,1.0,0.0,1.0
trigger,1.0,0.0,1.0
undermining,1.0,0.0,1.0
recalled,1.0,0.0,1.0
kudos,1.0,0.0,1.0
varnished,1.0,0.0,1.0
invasion,2.0,0.0,2.0
postcold,1.0,0.0,1.0
undisclosed,1.0,0.0,1.0
boardroom,1.0,0.0,1.0
registers,1.0,0.0,1.0
kiplings,1.0,0.0,1.0
foursquaremeter,1.0,0.0,1.0
bank ukraine,1.0,0.0,1.0
recalled nikolaychuk,1.0,0.0,1.0
measures prevent,1.0,0.0,1.0
stakeholders,4.0,0.0,4.0
internal,1.0,0.0,1.0
reaffirmed,1.0,0.0,1.0
indicators,8.0,0.0,8.0
datadependent,1.0,0.0,1.0
dc,1.0,0.0,1.0
defines,1.0,0.0,1.0
envisages,1.0,0.0,1.0
visit,3.0,0.0,3.0
microprudential,1.0,0.0,1.0
safeguard,1.0,0.0,1.0
poverty,2.0,0.0,2.0
fcl,1.0,0.0,1.0
august,3.0,0.0,3.0
convergence,1.0,0.0,1.0
serve,1.0,0.0,1.0
prudent,2.0,0.0,2.0
reflection,2.0,0.0,2.0
toolkit,1.0,0.0,1.0
frequency,1.0,0.0,1.0
imfs executive,1.0,0.0,1.0
imbalances reflection,1.0,0.0,1.0
navy,1.0,0.0,1.0
newport,1.0,0.0,1.0
nuwcnewport,1.0,0.0,1.0
expenditures,2.0,0.0,2.0
division,1.0,0.0,1.0
undersea,1.0,0.0,1.0
logistics,2.0,0.0,2.0
fishers,1.0,0.0,1.0
prekindergarten,1.0,0.0,1.0
agreements,2.0,0.0,2.0
palm,1.0,0.0,1.0
life,1.0,0.0,1.0
dodge,1.0,0.0,1.0
vien,1.0,0.0,1.0
oldest,1.0,0.0,1.0
ron,1.0,0.0,1.0
newport employees,1.0,0.0,1.0
degree programs,1.0,0.0,1.0
rough,1.0,0.0,1.0
mccrann,1.0,0.0,1.0
panahi,1.0,0.0,1.0
waters,1.0,0.0,1.0
money,2.0,0.0,2.0
reserve,3.0,0.0,3.0
columnist,1.0,0.0,1.0
tomorrow,2.0,0.0,2.0
government,1.0,0.0,1.0
rita,1.0,0.0,1.0
terry,1.0,0.0,1.0
sky,1.0,0.0,1.0
long,2.0,0.0,2.0
function,2.0,0.0,2.0
lid,1.0,0.0,1.0
sort,1.0,0.0,1.0
host,1.0,0.0,1.0
mccrann says,1.0,0.0,1.0
waters just,1.0,0.0,1.0
theres tomorrow,1.0,0.0,1.0
kolkata,2.0,0.0,2.0
regulation,1.0,0.0,1.0
commerce,2.0,0.0,2.0
icc,1.0,0.0,1.0
departments,2.0,0.0,2.0
ewaste,1.0,0.0,1.0
electronic,1.0,0.0,1.0
rajeev,2.0,0.0,2.0
initiative,2.0,0.0,2.0
yadaav,1.0,0.0,1.0
forest,1.0,0.0,1.0
programmes,1.0,0.0,1.0
nodal,1.0,0.0,1.0
clear,1.0,0.0,1.0
motto,1.0,0.0,1.0
main,1.0,0.0,1.0
chamber,4.0,0.0,4.0
reproduce,1.0,0.0,1.0
circular economy,1.0,0.0,1.0
garbage yadav,1.0,0.0,1.0
ministry chemical,1.0,0.0,1.0
forest climate,1.0,0.0,1.0
jehanzeb,1.0,0.0,1.0
ishaq,1.0,0.0,1.0
sapm,1.0,0.0,1.0
objectives,1.0,0.0,1.0
privatisation,1.0,0.0,1.0
stabilisation,1.0,0.0,1.0
farrukh,1.0,0.0,1.0
disposal,2.0,0.0,2.0
inefficiencies,1.0,0.0,1.0
express,3.0,0.0,3.0
cheema,1.0,0.0,1.0
hayat,1.0,0.0,1.0
remittances,3.0,0.0,3.0
dividends,2.0,0.0,2.0
uddin,1.0,0.0,1.0
track,2.0,0.0,2.0
usual,1.0,0.0,1.0
expedite,1.0,0.0,1.0
conversation,3.0,0.0,3.0
rs800,1.0,0.0,1.0
finance minister,1.0,0.0,1.0
effectiveness jehanzeb,1.0,0.0,1.0
stage task,1.0,0.0,1.0
export enhancement,1.0,0.0,1.0
use suvs,1.0,0.0,1.0
ministers,2.0,0.0,2.0
crore,1.0,0.0,1.0
adityanath,1.0,0.0,1.0
gis,1.0,0.0,1.0
uttar,1.0,0.0,1.0
opportunities,3.0,0.0,3.0
inform,1.0,0.0,1.0
interacting,1.0,0.0,1.0
underdeveloped,2.0,0.0,2.0
jobemployment,1.0,0.0,1.0
ground,1.0,0.0,1.0
big,1.0,0.0,1.0
congratulations,2.0,0.0,2.0
pointed,1.0,0.0,1.0
occasion,1.0,0.0,1.0
respective,2.0,0.0,2.0
pave,1.0,0.0,1.0
global investors,1.0,0.0,1.0
occasion yogi,1.0,0.0,1.0
departments organise,1.0,0.0,1.0
bundelkhand purvanchal,1.0,0.0,1.0
saurer,1.0,0.0,1.0
textile,1.0,0.0,1.0
equipment,1.0,0.0,1.0
spinnfinity,1.0,0.0,1.0
rovings,1.0,0.0,1.0
flexible,1.0,0.0,1.0
bd,1.0,0.0,1.0
efficiency,1.0,0.0,1.0
automation,1.0,0.0,1.0
crosswound,1.0,0.0,1.0
fusiontwister,1.0,0.0,1.0
friction,1.0,0.0,1.0
dhaka,1.0,0.0,1.0
texparts,1.0,0.0,1.0
wharf,1.0,0.0,1.0
eshape,1.0,0.0,1.0
zr,1.0,0.0,1.0
preparation,1.0,0.0,1.0
saves,1.0,0.0,1.0
travellers,1.0,0.0,1.0
friendliness,1.0,0.0,1.0
spinning saurer,1.0,0.0,1.0
regenerated fibres,1.0,0.0,1.0
february dhaka,1.0,0.0,1.0
energy consumption,1.0,0.0,1.0
artworks,1.0,0.0,1.0
celebrations,1.0,0.0,1.0
estihlal,1.0,0.0,1.0
muslih,1.0,0.0,1.0
aims,2.0,0.0,2.0
threeday,1.0,0.0,1.0
prologue,1.0,0.0,1.0
abdulazizs,1.0,0.0,1.0
althaqafi,1.0,0.0,1.0
princess,1.0,0.0,1.0
mashup,1.0,0.0,1.0
displays,1.0,0.0,1.0
contemporary,1.0,0.0,1.0
layer,1.0,0.0,1.0
exclusive,1.0,0.0,1.0
moon,1.0,0.0,1.0
reign,1.0,0.0,1.0
bint,1.0,0.0,1.0
corners,2.0,0.0,2.0
saud,1.0,0.0,1.0
media,1.0,0.0,1.0
uncut,1.0,0.0,1.0
tagreed,1.0,0.0,1.0
installation,1.0,0.0,1.0
bader,1.0,0.0,1.0
day exhibition,1.0,0.0,1.0
calligrapher bader,1.0,0.0,1.0
kamloops,1.0,0.0,1.0
realtor,1.0,0.0,1.0
pipeline,2.0,0.0,2.0
bluecollar,1.0,0.0,1.0
listings,1.0,0.0,1.0
areas,5.0,0.0,5.0
inventory,1.0,0.0,1.0
tough,2.0,0.0,2.0
normal,3.0,0.0,3.0
pache,1.0,0.0,1.0
hospital,1.0,0.0,1.0
skid,1.0,0.0,1.0
thing,1.0,0.0,1.0
cannabis,1.0,0.0,1.0
press,3.0,0.0,3.0
files,1.0,0.0,1.0
diverse,2.0,0.0,2.0
quinn,1.0,0.0,1.0
kamloops realtor,1.0,0.0,1.0
diverse economy,1.0,0.0,1.0
seeing seven,1.0,0.0,1.0
liquidity,1.0,0.0,1.0
deficits,1.0,0.0,1.0
interbank,2.0,0.0,2.0
hong,1.0,0.0,1.0
emirates,2.0,0.0,2.0
imports,1.0,0.0,1.0
brief,2.0,0.0,2.0
noted,2.0,0.0,2.0
backlogs,1.0,0.0,1.0
fy24,1.0,0.0,1.0
complications,1.0,0.0,1.0
sbp,1.0,0.0,1.0
form,1.0,0.0,1.0
unavailability,1.0,0.0,1.0
resumes,1.0,0.0,1.0
endaugust,1.0,0.0,1.0
traditional,3.0,0.0,3.0
reserves fitch,1.0,0.0,1.0
rating pakistans,1.0,0.0,1.0
edging resumption,1.0,0.0,1.0
context key,1.0,0.0,1.0
smartphone,1.0,0.0,1.0
ali,1.0,0.0,1.0
youtube,1.0,0.0,1.0
photovcg,1.0,0.0,1.0
presenter,1.0,0.0,1.0
newsroom,1.0,0.0,1.0
reliable,1.0,0.0,1.0
glass,1.0,0.0,1.0
eyeopener,1.0,0.0,1.0
background,2.0,0.0,2.0
capture,3.0,0.0,3.0
outlets,1.0,0.0,1.0
uptake,1.0,0.0,1.0
lifeline,1.0,0.0,1.0
goodquality,1.0,0.0,1.0
tecno,1.0,0.0,1.0
youths,1.0,0.0,1.0
unaffordable,1.0,0.0,1.0
vivos,1.0,0.0,1.0
realme,1.0,0.0,1.0
hungry,1.0,0.0,1.0
ready,5.0,0.0,5.0
africas smartphone,1.0,0.0,1.0
make videos,1.0,0.0,1.0
ali muslim,1.0,0.0,1.0
coming newsroom,1.0,0.0,1.0
cost renting,1.0,0.0,1.0
railway,1.0,0.0,1.0
industrys,1.0,0.0,1.0
goods,1.0,0.0,1.0
components,2.0,0.0,2.0
oxford,1.0,0.0,1.0
fleet,1.0,0.0,1.0
hamilton,1.0,0.0,1.0
gasoline,1.0,0.0,1.0
multiplier,1.0,0.0,1.0
ties,2.0,0.0,2.0
employee,1.0,0.0,1.0
ferrous,1.0,0.0,1.0
modeling,1.0,0.0,1.0
release,1.0,0.0,1.0
inbox,1.0,0.0,1.0
longdistance,1.0,0.0,1.0
enewsletters,1.0,0.0,1.0
joanna,1.0,0.0,1.0
railway gdp,1.0,0.0,1.0
supply industrys,1.0,0.0,1.0
raw materials,1.0,0.0,1.0
tax contributions,1.0,0.0,1.0
recessions,1.0,0.0,1.0
currencies,2.0,0.0,2.0
bullish,1.0,0.0,1.0
valuations,1.0,0.0,1.0
stock,2.0,0.0,2.0
jim,1.0,0.0,1.0
maintain,2.0,0.0,2.0
sensex,1.0,0.0,1.0
domesticdriven,1.0,0.0,1.0
pause,1.0,0.0,1.0
excerptsglobalyes,1.0,0.0,1.0
aletheia,1.0,0.0,1.0
global recession,1.0,0.0,1.0
india sees,1.0,0.0,1.0
disclaimer recommendations,1.0,0.0,1.0
sent try,1.0,0.0,1.0
lithium,1.0,0.0,1.0
batterysafety,1.0,0.0,1.0
morefireresistant,1.0,0.0,1.0
electrochemical,1.0,0.0,1.0
nevadas,1.0,0.0,1.0
rechargeable,1.0,0.0,1.0
supercapacitors,1.0,0.0,1.0
anodes,1.0,0.0,1.0
bromine,1.0,0.0,1.0
polymers,1.0,0.0,1.0
laboratorytomarket,1.0,0.0,1.0
lightest,1.0,0.0,1.0
laptops,1.0,0.0,1.0
border,1.0,0.0,1.0
aware,3.0,0.0,3.0
harkawat,1.0,0.0,1.0
retard,1.0,0.0,1.0
focus,2.0,0.0,2.0
quantum,1.0,0.0,1.0
modest,1.0,0.0,1.0
startup,1.0,0.0,1.0
separators,1.0,0.0,1.0
karsten,1.0,0.0,1.0
nevadas lithium,1.0,0.0,1.0
battery adoption,1.0,0.0,1.0
office economic,1.0,0.0,1.0
preseed stage,1.0,0.0,1.0
austin,1.0,0.0,1.0
nfib,1.0,0.0,1.0
senate,1.0,0.0,1.0
regulatory,2.0,0.0,2.0
powerhouse,1.0,0.0,1.0
drive,1.0,0.0,1.0
learn,1.0,0.0,1.0
keynote,1.0,0.0,1.0
property,2.0,0.0,2.0
panels,2.0,0.0,2.0
members,2.0,0.0,2.0
best,2.0,0.0,2.0
ninthlargest,1.0,0.0,1.0
variety,2.0,0.0,2.0
row,3.0,0.0,3.0
bolster,1.0,0.0,1.0
speakers,1.0,0.0,1.0
abbott today,1.0,0.0,1.0
property tax,1.0,0.0,1.0
session ensure,1.0,0.0,1.0
quezon,1.0,0.0,1.0
treaties,1.0,0.0,1.0
ftas,1.0,0.0,1.0
freetrade,1.0,0.0,1.0
legarda,1.0,0.0,1.0
piacpsd,1.0,0.0,1.0
contrary,1.0,0.0,1.0
comprehensive,2.0,0.0,2.0
legislativeexecutive,1.0,0.0,1.0
isolating,1.0,0.0,1.0
ledac,1.0,0.0,1.0
agricultural,2.0,0.0,2.0
tayo,1.0,0.0,1.0
miguel,1.0,0.0,1.0
selfsufficiency,1.0,0.0,1.0
initial,1.0,0.0,1.0
leaders,1.0,0.0,1.0
commercial,2.0,0.0,2.0
yumaman,1.0,0.0,1.0
maaccess,1.0,0.0,1.0
measure,2.0,0.0,2.0
aseans free,1.0,0.0,1.0
deliberating rcep,1.0,0.0,1.0
trade trade,1.0,0.0,1.0
ibinigay ngayon,1.0,0.0,1.0
jr believes,1.0,0.0,1.0
researchers,1.0,0.0,1.0
canadiandollar,1.0,0.0,1.0
authorities,1.0,0.0,1.0
ottawa,1.0,0.0,1.0
cybersecurity,1.0,0.0,1.0
industry,2.0,0.0,2.0
applicants,1.0,0.0,1.0
urged,1.0,0.0,1.0
militaries,1.0,0.0,1.0
duclos,1.0,0.0,1.0
mineral,1.0,0.0,1.0
intellectual,2.0,0.0,2.0
conduct,2.0,0.0,2.0
champagne,1.0,0.0,1.0
entities,1.0,0.0,1.0
adopt,1.0,0.0,1.0
block,1.0,0.0,1.0
indopacific,1.0,0.0,1.0
u15,1.0,0.0,1.0
group,3.0,0.0,3.0
canadian research,1.0,0.0,1.0
limit funding,1.0,0.0,1.0
prevent chinese,1.0,0.0,1.0
military cybersecurity,1.0,0.0,1.0
brainard,1.0,0.0,1.0
treasury,2.0,0.0,2.0
bernstein,1.0,0.0,1.0
bidens,2.0,0.0,2.0
vice,5.0,0.0,5.0
deese,1.0,0.0,1.0
randal,1.0,0.0,1.0
boushey,1.0,0.0,1.0
ph,1.0,0.0,1.0
margins,4.0,0.0,4.0
forms,4.0,0.0,4.0
juncture,1.0,0.0,1.0
statements,1.0,0.0,1.0
communications,1.0,0.0,1.0
ramamurti,1.0,0.0,1.0
presidency brainard,1.0,0.0,1.0
markets income,1.0,0.0,1.0
coronavirus relief,1.0,0.0,1.0
chair forms,1.0,0.0,1.0
litigation,1.0,0.0,1.0
patent,2.0,0.0,2.0
downturns,1.0,0.0,1.0
costefficient,1.0,0.0,1.0
extensive,1.0,0.0,1.0
funders,1.0,0.0,1.0
defenses,1.0,0.0,1.0
development,7.0,0.0,7.0
sales,4.0,0.0,4.0
settlements,1.0,0.0,1.0
holders,1.0,0.0,1.0
early,3.0,0.0,3.0
hire,1.0,0.0,1.0
available,4.0,0.0,4.0
disincentivize,1.0,0.0,1.0
particular,2.0,0.0,2.0
outpace,1.0,0.0,1.0
twice,1.0,0.0,1.0
streams,1.0,0.0,1.0
parties,2.0,0.0,2.0
motions,1.0,0.0,1.0
patent litigation,1.0,0.0,1.0
settlements costefficient,1.0,0.0,1.0
spreads risk,1.0,0.0,1.0
highreward nature,1.0,0.0,1.0
ukrstat,1.0,0.0,1.0
seaports,1.0,0.0,1.0
impediments,1.0,0.0,1.0
phytosanitary,1.0,0.0,1.0
operation,1.0,0.0,1.0
transfers,1.0,0.0,1.0
competition,1.0,0.0,1.0
peculiarities,1.0,0.0,1.0
devices,2.0,0.0,2.0
generators,1.0,0.0,1.0
important,3.0,0.0,3.0
iron,1.0,0.0,1.0
methodology,1.0,0.0,1.0
raw,1.0,0.0,1.0
uninterruptible,1.0,0.0,1.0
ukrainian grain,1.0,0.0,1.0
gdp decline,1.0,0.0,1.0
restrict import,1.0,0.0,1.0
simultaneously january,1.0,0.0,1.0
performance transport,1.0,0.0,1.0
stagnant,1.0,0.0,1.0
employers,2.0,0.0,2.0
hiring,1.0,0.0,1.0
sign,3.0,0.0,3.0
supply,1.0,0.0,1.0
intentions,1.0,0.0,1.0
confirm,1.0,0.0,1.0
recession year,1.0,0.0,1.0
remain stagnant,1.0,0.0,1.0
hiring intentions,1.0,0.0,1.0
balanced means,1.0,0.0,1.0
privacy,2.0,0.0,2.0
navigation,1.0,0.0,1.0
analytical,2.0,0.0,2.0
necessary,1.0,0.0,1.0
addresses,2.0,0.0,2.0
technologies,1.0,0.0,1.0
identifies,1.0,0.0,1.0
choices,1.0,0.0,1.0
advertising,1.0,0.0,1.0
__ga,1.0,0.0,1.0
set,1.0,0.0,1.0
tiny,1.0,0.0,1.0
describes,1.0,0.0,1.0
engage,1.0,0.0,1.0
thirdparty,1.0,0.0,1.0
diagnose,1.0,0.0,1.0
compile,1.0,0.0,1.0
produce,1.0,0.0,1.0
disabling cookies,1.0,0.0,1.0
use types,1.0,0.0,1.0
contact email,1.0,0.0,1.0
coastline,2.0,0.0,2.0
gwadar,1.0,0.0,1.0
aquaculture,1.0,0.0,1.0
vessels,1.0,0.0,1.0
hub,3.0,0.0,3.0
routes,2.0,0.0,2.0
flagship,1.0,0.0,1.0
crucial,1.0,0.0,1.0
facilities,2.0,0.0,2.0
undercapitalized,1.0,0.0,1.0
pnsc,1.0,0.0,1.0
harness,1.0,0.0,1.0
ignite,1.0,0.0,1.0
documentation,2.0,0.0,2.0
tap,1.0,0.0,1.0
pakistans economy,1.0,0.0,1.0
areas blue,1.0,0.0,1.0
use oceanbased,1.0,0.0,1.0
shelf position,1.0,0.0,1.0
potential drive,1.0,0.0,1.0
jakarta,1.0,0.0,1.0
floods,1.0,0.0,1.0
conditions,4.0,0.0,4.0
response,1.0,0.0,1.0
spatial,1.0,0.0,1.0
heppy,1.0,0.0,1.0
presidential,1.0,0.0,1.0
able,2.0,0.0,2.0
google,1.0,0.0,1.0
consultation,1.0,0.0,1.0
tempo,1.0,0.0,1.0
conflicts,1.0,0.0,1.0
jams,1.0,0.0,1.0
basic,2.0,0.0,2.0
jakartas economy,1.0,0.0,1.0
heru budi,1.0,0.0,1.0
updates tempo,1.0,0.0,1.0
apparatuses ensure,1.0,0.0,1.0
employees,4.0,0.0,4.0
statement,1.0,0.0,1.0
respondents,1.0,0.0,1.0
single,2.0,0.0,2.0
unqualified,1.0,0.0,1.0
apple,2.0,0.0,2.0
dilemma,1.0,0.0,1.0
flipboard,1.0,0.0,1.0
weigh,1.0,0.0,1.0
werent,1.0,0.0,1.0
daniromerotv,1.0,0.0,1.0
business optimism,1.0,0.0,1.0
index nfib,1.0,0.0,1.0
dunkelberg wrote,1.0,0.0,1.0
weigh small,1.0,0.0,1.0
monthly jobs,1.0,0.0,1.0
value,1.0,0.0,1.0
opinion,1.0,0.0,1.0
make,1.0,0.0,1.0
size,2.0,0.0,2.0
informal,1.0,0.0,1.0
gold,1.0,0.0,1.0
efforts,3.0,0.0,3.0
ukbased,1.0,0.0,1.0
president,1.0,0.0,1.0
paper,1.0,0.0,1.0
activities,1.0,0.0,1.0
hunch,1.0,0.0,1.0
us27,1.0,0.0,1.0
utterances,1.0,0.0,1.0
uncaptured,1.0,0.0,1.0
template,1.0,0.0,1.0
calabash,1.0,0.0,1.0
week,5.0,0.0,5.0
zimbabwean economy,1.0,0.0,1.0
billion us27,1.0,0.0,1.0
reasons informal,1.0,0.0,1.0
understated instance,1.0,0.0,1.0
iowa,1.0,0.0,1.0
dmmc,1.0,0.0,1.0
nascent,1.0,0.0,1.0
radio,1.0,0.0,1.0
performances,1.0,0.0,1.0
leagues,1.0,0.0,1.0
recommendations,1.0,0.0,1.0
ecosystem,1.0,0.0,1.0
labels,2.0,0.0,2.0
practices,1.0,0.0,1.0
suburban,1.0,0.0,1.0
crossroads,1.0,0.0,1.0
politicians,1.0,0.0,1.0
nonperforming,1.0,0.0,1.0
workspace,1.0,0.0,1.0
transport,1.0,0.0,1.0
largecapacity,1.0,0.0,1.0
appendices,1.0,0.0,1.0
hoyt,1.0,0.0,1.0
testament,2.0,0.0,2.0
offers,2.0,0.0,2.0
equals,1.0,0.0,1.0
unauthorized,1.0,0.0,1.0
music economy,1.0,0.0,1.0
maintains iowa,1.0,0.0,1.0
creating report,1.0,0.0,1.0
lack largecapacity,1.0,0.0,1.0
tianjin,1.0,0.0,1.0
xie,1.0,0.0,1.0
innovations,1.0,0.0,1.0
optimism,2.0,0.0,2.0
nicolas,1.0,0.0,1.0
disruptions,2.0,0.0,2.0
daily,1.0,0.0,1.0
agarwal,1.0,0.0,1.0
henkel,1.0,0.0,1.0
q1,1.0,0.0,1.0
stage,1.0,0.0,1.0
endtoend,1.0,0.0,1.0
rajat,1.0,0.0,1.0
remarkable,1.0,0.0,1.0
rollsroyce,2.0,0.0,2.0
right,1.0,0.0,1.0
chinas economy,1.0,0.0,1.0
liquide maintained,1.0,0.0,1.0
updated 20230215,1.0,0.0,1.0
given backdrop,1.0,0.0,1.0
pangaea,1.0,0.0,1.0
crust,1.0,0.0,1.0
supercontinent,1.0,0.0,1.0
basins,1.0,0.0,1.0
carbonneutral,1.0,0.0,1.0
deposits,1.0,0.0,1.0
ultramafic,1.0,0.0,1.0
wegener,1.0,0.0,1.0
encompass,1.0,0.0,1.0
globe,1.0,0.0,1.0
marine,2.0,0.0,2.0
floorbut,1.0,0.0,1.0
pérezgussinyé,1.0,0.0,1.0
origin,1.0,0.0,1.0
additional,1.0,0.0,1.0
forces,1.0,0.0,1.0
analyze,1.0,0.0,1.0
causes,1.0,0.0,1.0
coauthors,1.0,0.0,1.0
types,3.0,0.0,3.0
reviews,1.0,0.0,1.0
accurate,1.0,0.0,1.0
simulation,1.0,0.0,1.0
rifted continental,1.0,0.0,1.0
accumulations hydrocarbon,1.0,0.0,1.0
margins authors,1.0,0.0,1.0
energy requirements,1.0,0.0,1.0
nigeria,2.0,0.0,2.0
impacting,1.0,0.0,1.0
apex,1.0,0.0,1.0
n2,1.0,0.0,1.0
stabilize,1.0,0.0,1.0
starve,1.0,0.0,1.0
printing,1.0,0.0,1.0
aasame,1.0,0.0,1.0
circulation,1.0,0.0,1.0
vincent,1.0,0.0,1.0
yemi,1.0,0.0,1.0
essayist,1.0,0.0,1.0
upside,1.0,0.0,1.0
isong,1.0,0.0,1.0
arguments,1.0,0.0,1.0
bungle,1.0,0.0,1.0
icpc,1.0,0.0,1.0
zainab,1.0,0.0,1.0
weeks,1.0,0.0,1.0
underdeveloped africa,1.0,0.0,1.0
rate europe,1.0,0.0,1.0
incoherent inconsistency,1.0,0.0,1.0
cosmetics,1.0,0.0,1.0
conspicuous,1.0,0.0,1.0
desirability,1.0,0.0,1.0
forbes,1.0,0.0,1.0
coffee,1.0,0.0,1.0
spend,1.0,0.0,1.0
personal,1.0,0.0,1.0
treat,1.0,0.0,1.0
selfconfidence,1.0,0.0,1.0
females,1.0,0.0,1.0
pedicure,1.0,0.0,1.0
futurist,1.0,0.0,1.0
specialises,1.0,0.0,1.0
marian,1.0,0.0,1.0
bleakest,1.0,0.0,1.0
rmit,1.0,0.0,1.0
galluzzi,1.0,0.0,1.0
maternity,1.0,0.0,1.0
primal,1.0,0.0,1.0
june,1.0,0.0,1.0
treadmill,1.0,0.0,1.0
lecturer,1.0,0.0,1.0
turbulence,2.0,0.0,2.0
sydney,1.0,0.0,1.0
us6,1.0,0.0,1.0
sales lipstick,1.0,0.0,1.0
makkar rmit,1.0,0.0,1.0
coping mechanism,1.0,0.0,1.0
uae,1.0,0.0,1.0
multilaterals,1.0,0.0,1.0
markets,2.0,0.0,2.0
al,1.0,0.0,1.0
fragmentation,1.0,0.0,1.0
priorities,4.0,0.0,4.0
multipolar,1.0,0.0,1.0
aspect,1.0,0.0,1.0
unemployed,2.0,0.0,2.0
pragmatic,2.0,0.0,2.0
succession,1.0,0.0,1.0
bin,1.0,0.0,1.0
break,1.0,0.0,1.0
focusing,1.0,0.0,1.0
national,7.0,0.0,7.0
touq,1.0,0.0,1.0
markets woke,1.0,0.0,1.0
cause fragmentation,1.0,0.0,1.0
infrastructure,1.0,0.0,1.0
freelance,1.0,0.0,1.0
gig,1.0,0.0,1.0
labour,3.0,0.0,3.0
laptop,1.0,0.0,1.0
ghandour,1.0,0.0,1.0
availability,2.0,0.0,2.0
parttime,2.0,0.0,2.0
wamda,1.0,0.0,1.0
fadi,1.0,0.0,1.0
lockdown,1.0,0.0,1.0
panel,2.0,0.0,2.0
benefit,1.0,0.0,1.0
singh,1.0,0.0,1.0
jumeirah,1.0,0.0,1.0
prevalence,1.0,0.0,1.0
live,2.0,0.0,2.0
questions,1.0,0.0,1.0
residents,1.0,0.0,1.0
madinat,1.0,0.0,1.0
visa,1.0,0.0,1.0
trust,1.0,0.0,1.0
laila,1.0,0.0,1.0
outputs,1.0,0.0,1.0
infrastructure remote,1.0,0.0,1.0
uae parttime,1.0,0.0,1.0
gig economy,1.0,0.0,1.0
prevalence shortterm,1.0,0.0,1.0
greenhouses,1.0,0.0,1.0
irrigation,1.0,0.0,1.0
hectares,1.0,0.0,1.0
cucumber,1.0,0.0,1.0
yield,1.0,0.0,1.0
iran,1.0,0.0,1.0
pesticides,1.0,0.0,1.0
tropical,1.0,0.0,1.0
arable,1.0,0.0,1.0
capacities,2.0,0.0,2.0
square,1.0,0.0,1.0
resistance,1.0,0.0,1.0
javad,1.0,0.0,1.0
diversity,1.0,0.0,1.0
monitoring,1.0,0.0,1.0
regard,1.0,0.0,1.0
sadatinejad,1.0,0.0,1.0
diseases,1.0,0.0,1.0
greenhouse cultivation,1.0,0.0,1.0
tehran irans,1.0,0.0,1.0
case cucumber,1.0,0.0,1.0
capability result,1.0,0.0,1.0
bps,1.0,0.0,1.0
case,2.0,0.0,2.0
bps ecb,1.0,0.0,1.0
forward case,1.0,0.0,1.0
depend data,1.0,0.0,1.0
unfollow,1.0,0.0,1.0
groups,1.0,0.0,1.0
criteria,1.0,0.0,1.0
procedures,1.0,0.0,1.0
trends,1.0,0.0,1.0
evolve,1.0,0.0,1.0
examines,1.0,0.0,1.0
signify,1.0,0.0,1.0
concepts,1.0,0.0,1.0
pertinent,1.0,0.0,1.0
acceptance,1.0,0.0,1.0
incorporate,1.0,0.0,1.0
copy,1.0,0.0,1.0
supra,1.0,0.0,1.0
intelligence,1.0,0.0,1.0
financial,2.0,0.0,2.0
embed,1.0,0.0,1.0
evaluate,1.0,0.0,1.0
handbook,1.0,0.0,1.0
manager,1.0,0.0,1.0
jd,1.0,0.0,1.0
unfollow follow,1.0,0.0,1.0
step building,1.0,0.0,1.0
particular situations,1.0,0.0,1.0
evaluate companies,1.0,0.0,1.0
chartered,1.0,0.0,1.0
lcci,1.0,0.0,1.0
accountants,1.0,0.0,1.0
sectoral,1.0,0.0,1.0
pipfa,1.0,0.0,1.0
anwar,1.0,0.0,1.0
resolve,1.0,0.0,1.0
tola,1.0,0.0,1.0
zeeshan,1.0,0.0,1.0
import,1.0,0.0,1.0
primary,1.0,0.0,1.0
chambers,2.0,0.0,2.0
schedule,2.0,0.0,2.0
fbr,1.0,0.0,1.0
instability,2.0,0.0,2.0
substitution,1.0,0.0,1.0
maqbool,1.0,0.0,1.0
charter pakistan,1.0,0.0,1.0
lcci stakeholders,1.0,0.0,1.0
work schedule,1.0,0.0,1.0
rates high,1.0,0.0,1.0
enterprise,1.0,0.0,1.0
polish,1.0,0.0,1.0
proenvironmental,1.0,0.0,1.0
internationalization,1.0,0.0,1.0
competencies,1.0,0.0,1.0
feng,1.0,0.0,1.0
parp,1.0,0.0,1.0
possibility,1.0,0.0,1.0
smart,1.0,0.0,1.0
gap,1.0,0.0,1.0
creation,2.0,0.0,2.0
modules,1.0,0.0,1.0
digitization,1.0,0.0,1.0
infringement,1.0,0.0,1.0
horizon,2.0,0.0,2.0
modern,1.0,0.0,1.0
landreal,1.0,0.0,1.0
novelties,1.0,0.0,1.0
intensity,1.0,0.0,1.0
european ipcei,1.0,0.0,1.0
creation conditions,1.0,0.0,1.0
competencies employees,1.0,0.0,1.0
handling calls,1.0,0.0,1.0
unemploymentrelated,1.0,0.0,1.0
ukwide,1.0,0.0,1.0
pensions,1.0,0.0,1.0
vacancies,2.0,0.0,2.0
paye,1.0,0.0,1.0
dip,2.0,0.0,2.0
regions,1.0,0.0,1.0
evident,1.0,0.0,1.0
paint,1.0,0.0,1.0
inactivity,1.0,0.0,1.0
relative,1.0,0.0,1.0
q3,2.0,0.0,2.0
manning,1.0,0.0,1.0
disputes,1.0,0.0,1.0
reversal,1.0,0.0,1.0
dots,1.0,0.0,1.0
cominetti,1.0,0.0,1.0
comprise,1.0,0.0,1.0
mcintyre,1.0,0.0,1.0
underlines,1.0,0.0,1.0
uk employment,1.0,0.0,1.0
count rate,1.0,0.0,1.0
primaries,1.0,0.0,1.0
gop,1.0,0.0,1.0
hurdles,1.0,0.0,1.0
smiths,1.0,0.0,1.0
wideopen,1.0,0.0,1.0
boast,1.0,0.0,1.0
raffensperger,1.0,0.0,1.0
firstinthesouth,1.0,0.0,1.0
ruth,1.0,0.0,1.0
tradition,1.0,0.0,1.0
critics,2.0,0.0,2.0
approval,1.0,0.0,1.0
races,1.0,0.0,1.0
ranks,1.0,0.0,1.0
downstream,2.0,0.0,2.0
arm,2.0,0.0,2.0
journalconstitution,1.0,0.0,1.0
ideal,2.0,0.0,2.0
factor georgias,1.0,0.0,1.0
scheduling overhaul,1.0,0.0,1.0
set primary,1.0,0.0,1.0
raffensperger told,1.0,0.0,1.0
valentines,1.0,0.0,1.0
lakhs,1.0,0.0,1.0
kumar,2.0,0.0,2.0
discount,1.0,0.0,1.0
fy,1.0,0.0,1.0
advancement,1.0,0.0,1.0
analytics,1.0,0.0,1.0
multinational,1.0,0.0,1.0
florist,1.0,0.0,1.0
moments,1.0,0.0,1.0
consumables,1.0,0.0,1.0
covid,2.0,0.0,2.0
pvt,1.0,0.0,1.0
paytm,1.0,0.0,1.0
ways,1.0,0.0,1.0
galentines,1.0,0.0,1.0
flourish,1.0,0.0,1.0
towns,1.0,0.0,1.0
gutgutia,1.0,0.0,1.0
billion valentines,1.0,0.0,1.0
india research,1.0,0.0,1.0
distancing covid,1.0,0.0,1.0
textbook definition,1.0,0.0,1.0
mexico,1.0,0.0,1.0
financieros,1.0,0.0,1.0
closures,3.0,0.0,3.0
representatives,2.0,0.0,2.0
ses,1.0,0.0,1.0
austerity,1.0,0.0,1.0
usmca,1.0,0.0,1.0
newspaper,1.0,0.0,1.0
doors,2.0,0.0,2.0
shut,1.0,0.0,1.0
tendencias,1.0,0.0,1.0
issue,2.0,0.0,2.0
tai,1.0,0.0,1.0
sheet,1.0,0.0,1.0
consultancy,2.0,0.0,2.0
midst,1.0,0.0,1.0
rail,1.0,0.0,1.0
buenrostro,1.0,0.0,1.0
counterproductive,1.0,0.0,1.0
doesnt,1.0,0.0,1.0
officials mexico,1.0,0.0,1.0
investment shut,1.0,0.0,1.0
newspaper condition,1.0,0.0,1.0
resolve energy,1.0,0.0,1.0
incomes,2.0,0.0,2.0
mirza,1.0,0.0,1.0
student,1.0,0.0,1.0
smes,1.0,0.0,1.0
struggle,1.0,0.0,1.0
acute,1.0,0.0,1.0
bureau,2.0,0.0,2.0
aitchison,1.0,0.0,1.0
zones,1.0,0.0,1.0
unemployment pakistan,1.0,0.0,1.0
food insecurity,1.0,0.0,1.0
grow create,1.0,0.0,1.0
access basic,1.0,0.0,1.0
closures exacerbates,1.0,0.0,1.0
tobago,1.0,0.0,1.0
upstream,1.0,0.0,1.0
cbtt,1.0,0.0,1.0
supplies,1.0,0.0,1.0
tts653,1.0,0.0,1.0
advertisements,1.0,0.0,1.0
cruise,1.0,0.0,1.0
denovos,1.0,0.0,1.0
nonenergy,1.0,0.0,1.0
compression,1.0,0.0,1.0
outturn,1.0,0.0,1.0
cassia,1.0,0.0,1.0
ancillary,1.0,0.0,1.0
cso,1.0,0.0,1.0
business trinidad,1.0,0.0,1.0
core inflation,1.0,0.0,1.0
natural gas,1.0,0.0,1.0
weather conditions,1.0,0.0,1.0
리오프닝경제활동,1.0,0.0,1.0
한국중국독일의,1.0,0.0,1.0
메모리반도체의,1.0,0.0,1.0
업황,1.0,0.0,1.0
전망에서다,1.0,0.0,1.0
환경을,1.0,0.0,1.0
수출이,1.0,0.0,1.0
비대면,1.0,0.0,1.0
효과로,1.0,0.0,1.0
감소와,1.0,0.0,1.0
분석,1.0,0.0,1.0
올해도,1.0,0.0,1.0
품목의,1.0,0.0,1.0
이어질,1.0,0.0,1.0
겹친,1.0,0.0,1.0
김영배,1.0,0.0,1.0
평균,1.0,0.0,1.0
화물,1.0,0.0,1.0
여부,1.0,0.0,1.0
투자,1.0,0.0,1.0
단가가,1.0,0.0,1.0
침체는,1.0,0.0,1.0
크다는,1.0,0.0,1.0
kimybhani,1.0,0.0,1.0
쌓여,1.0,0.0,1.0
시장조사기관에서 메모리반도체의,1.0,0.0,1.0
kimybhani kr,1.0,0.0,1.0
kannur,1.0,0.0,1.0
kerala,1.0,0.0,1.0
panchayat,1.0,0.0,1.0
kudumbashree,1.0,0.0,1.0
kshreekdisc,1.0,0.0,1.0
district,2.0,0.0,2.0
register,1.0,0.0,1.0
facility,1.0,0.0,1.0
menon,1.0,0.0,1.0
coordinator,1.0,0.0,1.0
skills,1.0,0.0,1.0
portal,1.0,0.0,1.0
ambassadors,1.0,0.0,1.0
local,1.0,0.0,1.0
fair,1.0,0.0,1.0
memorial,1.0,0.0,1.0
college,1.0,0.0,1.0
mission,2.0,0.0,2.0
communicate,1.0,0.0,1.0
tel,1.0,0.0,1.0
selfgovernments,1.0,0.0,1.0
kannur district,1.0,0.0,1.0
fair employers,1.0,0.0,1.0
dwms digital,1.0,0.0,1.0
spot registration,1.0,0.0,1.0
memorial womens,1.0,0.0,1.0
urbanization,1.0,0.0,1.0
ruralvoice,1.0,0.0,1.0
marginal,1.0,0.0,1.0
labourintensive,1.0,0.0,1.0
demonetization,1.0,0.0,1.0
invisibilized,1.0,0.0,1.0
traders,1.0,0.0,1.0
essentials,1.0,0.0,1.0
component,1.0,0.0,1.0
semiarid,1.0,0.0,1.0
children,1.0,0.0,1.0
exploit,1.0,0.0,1.0
ratio,1.0,0.0,1.0
mechanism,1.0,0.0,1.0
gst,1.0,0.0,1.0
palliatives,1.0,0.0,1.0
html,2.0,0.0,2.0
tapers,1.0,0.0,1.0
rural economy,1.0,0.0,1.0
seasonal permanent,1.0,0.0,1.0
crucial leakage,1.0,0.0,1.0
tiktok,1.0,0.0,1.0
apps,1.0,0.0,1.0
xiaglobal,1.0,0.0,1.0
indian,1.0,0.0,1.0
bytedance,1.0,0.0,1.0
chen,1.0,0.0,1.0
internetrelated,1.0,0.0,1.0
galwan,1.0,0.0,1.0
widespread,1.0,0.0,1.0
reports,2.0,0.0,2.0
investment,3.0,0.0,3.0
protectionism,1.0,0.0,1.0
disappointing,1.0,0.0,1.0
detrimental,1.0,0.0,1.0
withdraw,1.0,0.0,1.0
shortvideo,1.0,0.0,1.0
guise,1.0,0.0,1.0
need,1.0,0.0,1.0
existence,1.0,0.0,1.0
alarm,2.0,0.0,2.0
laid,1.0,0.0,1.0
clash,1.0,0.0,1.0
scmp,1.0,0.0,1.0
bizopinionglobaltimes,1.0,0.0,1.0
support tiktoks,1.0,0.0,1.0
withdraw india,1.0,0.0,1.0
internetrelated sectors,1.0,0.0,1.0
korea,2.0,0.0,2.0
restaurant,2.0,0.0,2.0
electric,1.0,0.0,1.0
parts,2.0,0.0,2.0
onyear,1.0,0.0,1.0
toll,1.0,0.0,1.0
smallest,1.0,0.0,1.0
suh,1.0,0.0,1.0
postpandemic,2.0,0.0,2.0
communication,1.0,0.0,1.0
woonjoo,1.0,0.0,1.0
statistics korea,1.0,0.0,1.0
shrinking labor,1.0,0.0,1.0
electronic parts,1.0,0.0,1.0
increase 13,1.0,0.0,1.0
tokyo,1.0,0.0,1.0
olympics,1.0,0.0,1.0
kazuo,1.0,0.0,1.0
note,1.0,0.0,1.0
ueno,1.0,0.0,1.0
twoandahalf,1.0,0.0,1.0
nli,1.0,0.0,1.0
turbocharge,1.0,0.0,1.0
thirdlargest,2.0,0.0,2.0
constraints,2.0,0.0,2.0
moderate,1.0,0.0,1.0
japans economy,1.0,0.0,1.0
percent december,1.0,0.0,1.0
number arrivals,1.0,0.0,1.0
opec,1.0,0.0,1.0
reliance,1.0,0.0,1.0
ief,1.0,0.0,1.0
drilling,1.0,0.0,1.0
intergovernmental,1.0,0.0,1.0
stalls,1.0,0.0,1.0
volatility,1.0,0.0,1.0
practical,2.0,0.0,2.0
mcmonigle,1.0,0.0,1.0
secretary,1.0,0.0,1.0
disastrous,1.0,0.0,1.0
haitham,1.0,0.0,1.0
puri,1.0,0.0,1.0
stupendous,1.0,0.0,1.0
joseph,1.0,0.0,1.0
investment oil,1.0,0.0,1.0
iefs latest,1.0,0.0,1.0
weighing topic,1.0,0.0,1.0
expands database,1.0,0.0,1.0
utahs,1.0,0.0,1.0
lake,1.0,0.0,1.0
gallon,1.0,0.0,1.0
heights,1.0,0.0,1.0
imbalance,1.0,0.0,1.0
disinflation,1.0,0.0,1.0
costco,1.0,0.0,1.0
cottonwood,1.0,0.0,1.0
grabbag,1.0,0.0,1.0
prognostications,1.0,0.0,1.0
station,1.0,0.0,1.0
summary,1.0,0.0,1.0
ultratight,1.0,0.0,1.0
swath,1.0,0.0,1.0
transformations,1.0,0.0,1.0
murray,1.0,0.0,1.0
foutz,1.0,0.0,1.0
deseret,1.0,0.0,1.0
persist,1.0,0.0,1.0
compete,1.0,0.0,1.0
ongoing inflation,1.0,0.0,1.0
salt lake,1.0,0.0,1.0
streak declines,1.0,0.0,1.0
index excludes,1.0,0.0,1.0
kisun,1.0,0.0,1.0
trading,1.0,0.0,1.0
external,2.0,0.0,2.0
kang,1.0,0.0,1.0
speaks,2.0,0.0,2.0
semiconductors,1.0,0.0,1.0
deficit,4.0,0.0,4.0
soundness,1.0,0.0,1.0
united,4.0,0.0,4.0
monthly,1.0,0.0,1.0
meeting,2.0,0.0,2.0
face,1.0,0.0,1.0
chip,1.0,0.0,1.0
appraisers,1.0,0.0,1.0
koreas exports,1.0,0.0,1.0
stable credit,1.0,0.0,1.0
external soundness,1.0,0.0,1.0
earlier week,1.0,0.0,1.0
saying ministry,1.0,0.0,1.0
agri,1.0,0.0,1.0
srinagar,1.0,0.0,1.0
fpcs,1.0,0.0,1.0
apeda,1.0,0.0,1.0
apiculture,1.0,0.0,1.0
horticulturekashmir,1.0,0.0,1.0
parc,1.0,0.0,1.0
chowdhary,1.0,0.0,1.0
cbbo,1.0,0.0,1.0
uts,1.0,0.0,1.0
ecgc,1.0,0.0,1.0
skuastk,1.0,0.0,1.0
extension,1.0,0.0,1.0
startups,1.0,0.0,1.0
modalities,1.0,0.0,1.0
nabard,1.0,0.0,1.0
uplift,1.0,0.0,1.0
shafeeqa,1.0,0.0,1.0
interactive,1.0,0.0,1.0
enlighten,1.0,0.0,1.0
37th,1.0,0.0,1.0
deliberations,1.0,0.0,1.0
agriculture srinagar,1.0,0.0,1.0
products export,1.0,0.0,1.0
role apeda,1.0,0.0,1.0
fpcs startups,1.0,0.0,1.0
mediabrands,1.0,0.0,1.0
marketplace,1.0,0.0,1.0
capabilities,1.0,0.0,1.0
equity,1.0,0.0,1.0
audience,1.0,0.0,1.0
ad,1.0,0.0,1.0
platforms,1.0,0.0,1.0
hispanic,1.0,0.0,1.0
celebratory,1.0,0.0,1.0
cofounder,1.0,0.0,1.0
anonymity,1.0,0.0,1.0
accountability,2.0,0.0,2.0
stewart,1.0,0.0,1.0
apparent,1.0,0.0,1.0
ipg,1.0,0.0,1.0
smallslandau,1.0,0.0,1.0
blanket,1.0,0.0,1.0
everyones,1.0,0.0,1.0
dropdown,1.0,0.0,1.0
segments,1.0,0.0,1.0
advertising diverse,1.0,0.0,1.0
buying platforms,1.0,0.0,1.0
optimistic years,1.0,0.0,1.0
thornberg,1.0,0.0,1.0
peak,3.0,0.0,3.0
awful,1.0,0.0,1.0
vehicle,1.0,0.0,1.0
doomsayers,1.0,0.0,1.0
narrative,2.0,0.0,2.0
mirror,1.0,0.0,1.0
mark,2.0,0.0,2.0
shouldnt,2.0,0.0,2.0
madeup,1.0,0.0,1.0
crowd,1.0,0.0,1.0
interviewing,1.0,0.0,1.0
exodus,1.0,0.0,1.0
peak inflation,1.0,0.0,1.0
housing shortage,1.0,0.0,1.0
average vehicle,1.0,0.0,1.0
view mirror,1.0,0.0,1.0
growthstage,1.0,0.0,1.0
ingka,1.0,0.0,1.0
principality,2.0,0.0,2.0
supercharge,1.0,0.0,1.0
tilapia,1.0,0.0,1.0
blue,1.0,0.0,1.0
plastics,1.0,0.0,1.0
focuses,1.0,0.0,1.0
founders,1.0,0.0,1.0
diet,1.0,0.0,1.0
alternative,1.0,0.0,1.0
pontos,1.0,0.0,1.0
enables,1.0,0.0,1.0
feeds,1.0,0.0,1.0
gorell,1.0,0.0,1.0
proteins,1.0,0.0,1.0
told,1.0,0.0,1.0
intention,1.0,0.0,1.0
investments aqua,1.0,0.0,1.0
growthstage impact,1.0,0.0,1.0
plantbased diet,1.0,0.0,1.0
co2 footprint,1.0,0.0,1.0
gorell barnes,1.0,0.0,1.0
northamptonshires,1.0,0.0,1.0
survey,1.0,0.0,1.0
offerings,1.0,0.0,1.0
interviews,2.0,0.0,2.0
walks,1.0,0.0,1.0
deputy,2.0,0.0,2.0
process,1.0,0.0,1.0
touchpoints,1.0,0.0,1.0
english,1.0,0.0,1.0
rushden,1.0,0.0,1.0
howell,1.0,0.0,1.0
regeneration,1.0,0.0,1.0
drink,1.0,0.0,1.0
complement,1.0,0.0,1.0
lakes,1.0,0.0,1.0
onetoone,1.0,0.0,1.0
daniel,1.0,0.0,1.0
helen,1.0,0.0,1.0
elements,1.0,0.0,1.0
encourage survey,1.0,0.0,1.0
investment priorities,1.0,0.0,1.0
rice,1.0,0.0,1.0
subsidies,1.0,0.0,1.0
djfb,1.0,0.0,1.0
bangladesh,1.0,0.0,1.0
nagar,1.0,0.0,1.0
changes,2.0,0.0,2.0
opined,1.0,0.0,1.0
speech,1.0,0.0,1.0
alam,1.0,0.0,1.0
nec,2.0,0.0,2.0
shamsul,1.0,0.0,1.0
tolerable,1.0,0.0,1.0
deceptive,1.0,0.0,1.0
pushpomoti,1.0,0.0,1.0
relation,1.0,0.0,1.0
lead,3.0,0.0,3.0
wastage,1.0,0.0,1.0
swarna,1.0,0.0,1.0
rice market,1.0,0.0,1.0
djfb development,1.0,0.0,1.0
lanka,1.0,0.0,1.0
governance,3.0,0.0,3.0
medicines,1.0,0.0,1.0
religiopolitical,1.0,0.0,1.0
dependent,1.0,0.0,1.0
swap,1.0,0.0,1.0
populist,2.0,0.0,2.0
roots,1.0,0.0,1.0
ban,1.0,0.0,1.0
manifestations,1.0,0.0,1.0
engaged,1.0,0.0,1.0
fertilisers,1.0,0.0,1.0
manifold,1.0,0.0,1.0
pledges,1.0,0.0,1.0
ascribe,1.0,0.0,1.0
cordial,1.0,0.0,1.0
lanka economic,1.0,0.0,1.0
pledges pakistans,1.0,0.0,1.0
steady pandemic,1.0,0.0,1.0
exceeded threshold,1.0,0.0,1.0
belleville,1.0,0.0,1.0
bed,1.0,0.0,1.0
stores,1.0,0.0,1.0
bath,1.0,0.0,1.0
canadian,1.0,0.0,1.0
boulevard,1.0,0.0,1.0
plaza,1.0,0.0,1.0
loss,1.0,0.0,1.0
fulltime,1.0,0.0,1.0
mean,1.0,0.0,1.0
bath group,1.0,0.0,1.0
parttime jobs,1.0,0.0,1.0
mean loss,1.0,0.0,1.0
petroleum,1.0,0.0,1.0
mbahs,1.0,0.0,1.0
lagos,1.0,0.0,1.0
protests,1.0,0.0,1.0
pinnacle,1.0,0.0,1.0
candidate,1.0,0.0,1.0
malicious,1.0,0.0,1.0
unpatriotic,1.0,0.0,1.0
lekki,1.0,0.0,1.0
founderceo,1.0,0.0,1.0
dickerman,1.0,0.0,1.0
failure,1.0,0.0,1.0
culprits,1.0,0.0,1.0
letter,1.0,0.0,1.0
minding,1.0,0.0,1.0
peter,2.0,0.0,2.0
chaos,1.0,0.0,1.0
distribution,1.0,0.0,1.0
effective,1.0,0.0,1.0
plotters,1.0,0.0,1.0
nnpcls,1.0,0.0,1.0
complicate,1.0,0.0,1.0
terminal,1.0,0.0,1.0
pinnacle oil,1.0,0.0,1.0
mbah channelled,1.0,0.0,1.0
instigating protests,1.0,0.0,1.0
directorgeneral department,1.0,0.0,1.0
chairman,1.0,0.0,1.0
companys,1.0,0.0,1.0
patrick,1.0,0.0,1.0
doyle,1.0,0.0,1.0
overall,1.0,0.0,1.0
video,1.0,0.0,1.0
ceo changes,1.0,0.0,1.0
plan health,1.0,0.0,1.0
exchange discuss,1.0,0.0,1.0
article linkedin,1.0,0.0,1.0
oils,1.0,0.0,1.0
breakouts,1.0,0.0,1.0
altcoins,1.0,0.0,1.0
smallcap,1.0,0.0,1.0
war,1.0,0.0,1.0
meme,1.0,0.0,1.0
weakness,1.0,0.0,1.0
playbook,1.0,0.0,1.0
flat,1.0,0.0,1.0
nonprofitable,1.0,0.0,1.0
laggards,1.0,0.0,1.0
preukraine,1.0,0.0,1.0
brent,1.0,0.0,1.0
qe,1.0,0.0,1.0
crossassets,1.0,0.0,1.0
mentors,1.0,0.0,1.0
functions,1.0,0.0,1.0
flights,1.0,0.0,1.0
bear markets,1.0,0.0,1.0
using playbook,1.0,0.0,1.0
snowmobiletourism,1.0,0.0,1.0
bancroft,1.0,0.0,1.0
winters,1.0,0.0,1.0
trail,1.0,0.0,1.0
busy,2.0,0.0,2.0
fridays,1.0,0.0,1.0
ofsc,1.0,0.0,1.0
clark,1.0,0.0,1.0
seats,1.0,0.0,1.0
granites,1.0,0.0,1.0
federation,1.0,0.0,1.0
ordering,1.0,0.0,1.0
owner,2.0,0.0,2.0
network,1.0,0.0,1.0
grantine,1.0,0.0,1.0
omicron,1.0,0.0,1.0
turnover,1.0,0.0,1.0
brendon,1.0,0.0,1.0
wane,1.0,0.0,1.0
eickmeier,1.0,0.0,1.0
height,1.0,0.0,1.0
revenue snowmobilers,1.0,0.0,1.0
provincial network,1.0,0.0,1.0
granites brendon,1.0,0.0,1.0
edit,1.0,0.0,1.0
edit close,1.0,0.0,1.0
article edit,1.0,0.0,1.0
edit article,1.0,0.0,1.0
permission edit,1.0,0.0,1.0
tbilisi,1.0,0.0,1.0
arveladze,1.0,0.0,1.0
eurasia,1.0,0.0,1.0
organisation,1.0,0.0,1.0
genadi,1.0,0.0,1.0
ministerial,2.0,0.0,2.0
cooperation,1.0,0.0,1.0
city,1.0,0.0,1.0
andreas,1.0,0.0,1.0
theme,1.0,0.0,1.0
responsible,1.0,0.0,1.0
relations,4.0,0.0,4.0
present,1.0,0.0,1.0
nonmember,1.0,0.0,1.0
possibilities,1.0,0.0,1.0
bilateral,1.0,0.0,1.0
economy georgia,1.0,0.0,1.0
genadi arveladze,1.0,0.0,1.0
eurasia week,1.0,0.0,1.0
director oecd,1.0,0.0,1.0
bilateral meeting,1.0,0.0,1.0
시중은행의,1.0,0.0,1.0
농협은행,1.0,0.0,1.0
상생금융,1.0,0.0,1.0
영업이익을,1.0,0.0,1.0
성과평가,1.0,0.0,1.0
성과급으로,1.0,0.0,1.0
금융감독원으로부터,1.0,0.0,1.0
통상적으로,1.0,0.0,1.0
은행들이,1.0,0.0,1.0
돈잔치를,1.0,0.0,1.0
역대급,1.0,0.0,1.0
비교하면,1.0,0.0,1.0
확정,1.0,0.0,1.0
일각에서는,1.0,0.0,1.0
중구이,1.0,0.0,1.0
의원은,1.0,0.0,1.0
규모일,1.0,0.0,1.0
부채로,1.0,0.0,1.0
국민,1.0,0.0,1.0
차이가,1.0,0.0,1.0
대다수가,1.0,0.0,1.0
자료에,1.0,0.0,1.0
하나,1.0,0.0,1.0
금리,1.0,0.0,1.0
증가했다 2022년,1.0,0.0,1.0
populism,1.0,0.0,1.0
thai,1.0,0.0,1.0
scandals,1.0,0.0,1.0
generals,1.0,0.0,1.0
editorial,1.0,0.0,1.0
qui,1.0,0.0,1.0
reengage,1.0,0.0,1.0
kneejerk,1.0,0.0,1.0
ruthless,1.0,0.0,1.0
bail,1.0,0.0,1.0
saga,1.0,0.0,1.0
eric,1.0,0.0,1.0
norms,1.0,0.0,1.0
shakespeare,1.0,0.0,1.0
glow,1.0,0.0,1.0
connections,2.0,0.0,2.0
doody,1.0,0.0,1.0
sides,1.0,0.0,1.0
apologies,1.0,0.0,1.0
brouhaha,1.0,0.0,1.0
rtp,1.0,0.0,1.0
platitude,1.0,0.0,1.0
teapot,1.0,0.0,1.0
lungstib,1.0,0.0,1.0
nearstationary,1.0,0.0,1.0
thai economy,1.0,0.0,1.0
billionaires stay,1.0,0.0,1.0
force bp,1.0,0.0,1.0
glow love,1.0,0.0,1.0
wexford,1.0,0.0,1.0
greenway,1.0,0.0,1.0
traffic,1.0,0.0,1.0
rental,1.0,0.0,1.0
rosbercon,1.0,0.0,1.0
bottleneck,1.0,0.0,1.0
eateries,1.0,0.0,1.0
beresford,1.0,0.0,1.0
attend,1.0,0.0,1.0
connick,1.0,0.0,1.0
consultants,1.0,0.0,1.0
lorcan,1.0,0.0,1.0
wouldnt,1.0,0.0,1.0
scheme,1.0,0.0,1.0
uptick,2.0,0.0,2.0
timeline,1.0,0.0,1.0
conjunction,1.0,0.0,1.0
properties,1.0,0.0,1.0
hive,1.0,0.0,1.0
ross municipal,1.0,0.0,1.0
greenways benefit,1.0,0.0,1.0
develop tourism,1.0,0.0,1.0
chamber work,1.0,0.0,1.0
said lot,1.0,0.0,1.0
immigration,2.0,0.0,2.0
apprehensions,1.0,0.0,1.0
emails,1.0,0.0,1.0
patrol,1.0,0.0,1.0
agree,1.0,0.0,1.0
fall,2.0,0.0,2.0
gallups,1.0,0.0,1.0
resignation,1.0,0.0,1.0
usmexico,1.0,0.0,1.0
strategist,1.0,0.0,1.0
mere,1.0,0.0,1.0
david,1.0,0.0,1.0
hemisphere,1.0,0.0,1.0
jpmorgan,1.0,0.0,1.0
immigration increased,1.0,0.0,1.0
shortage factors,1.0,0.0,1.0
industrialpolicy,1.0,0.0,1.0
repeal,1.0,0.0,1.0
hubs,2.0,0.0,2.0
relevance,1.0,0.0,1.0
oversees,1.0,0.0,1.0
underestimated,1.0,0.0,1.0
inflight,1.0,0.0,1.0
experiments,1.0,0.0,1.0
ferndale,1.0,0.0,1.0
juggernaut,1.0,0.0,1.0
mindless,1.0,0.0,1.0
intraparty,1.0,0.0,1.0
hydrogen projects,1.0,0.0,1.0
economic value,1.0,0.0,1.0
worry federal,1.0,0.0,1.0
provoke backlash,1.0,0.0,1.0
autopilot disarm,1.0,0.0,1.0
papua,1.0,0.0,1.0
bougainville,1.0,0.0,1.0
copper,1.0,0.0,1.0
postcourier,1.0,0.0,1.0
pty,1.0,0.0,1.0
renewals,1.0,0.0,1.0
keen,1.0,0.0,1.0
overburden,1.0,0.0,1.0
concentrator,1.0,0.0,1.0
hydroelectric,1.0,0.0,1.0
tailings,1.0,0.0,1.0
unitary,1.0,0.0,1.0
rainfall,1.0,0.0,1.0
poses,1.0,0.0,1.0
slopes,1.0,0.0,1.0
karato,1.0,0.0,1.0
shareholding bougainville,1.0,0.0,1.0
copper project,1.0,0.0,1.0
repaying loans,1.0,0.0,1.0
visit malaysia,1.0,0.0,1.0
renewables,1.0,0.0,1.0
feasibility,1.0,0.0,1.0
durban,1.0,0.0,1.0
jackwell,1.0,0.0,1.0
cdh,1.0,0.0,1.0
platinum,1.0,0.0,1.0
r160,1.0,0.0,1.0
mokopane,1.0,0.0,1.0
feris,1.0,0.0,1.0
decarbonize,1.0,0.0,1.0
zeroemissions,1.0,0.0,1.0
stretch,1.0,0.0,1.0
hofmeyr,1.0,0.0,1.0
sasol,1.0,0.0,1.0
kilometres,1.0,0.0,1.0
flags,2.0,0.0,2.0
african economy,1.0,0.0,1.0
said feris,1.0,0.0,1.0
creating new,1.0,0.0,1.0
sunderbans,1.0,0.0,1.0
mishti,1.0,0.0,1.0
bengal,1.0,0.0,1.0
allocation,1.0,0.0,1.0
yadav,2.0,0.0,2.0
plantations,1.0,0.0,1.0
research,1.0,0.0,1.0
petrochemical,1.0,0.0,1.0
climateconscious,1.0,0.0,1.0
courses,1.0,0.0,1.0
portals,1.0,0.0,1.0
hindrances,1.0,0.0,1.0
msme,1.0,0.0,1.0
motivate,1.0,0.0,1.0
native,1.0,0.0,1.0
awards,1.0,0.0,1.0
pool,1.0,0.0,1.0
dawn,1.0,0.0,1.0
cement,1.0,0.0,1.0
climate indias,1.0,0.0,1.0
details fund,1.0,0.0,1.0
employment circular,1.0,0.0,1.0
recognised biodiverse,1.0,0.0,1.0
recycling process,1.0,0.0,1.0
thousands,1.0,0.0,1.0
liz,1.0,0.0,1.0
tories,1.0,0.0,1.0
charges,1.0,0.0,1.0
booze,1.0,0.0,1.0
presents,1.0,0.0,1.0
gpcs,1.0,0.0,1.0
linen,1.0,0.0,1.0
meals,1.0,0.0,1.0
sums,1.0,0.0,1.0
pink,1.0,0.0,1.0
fortnum,1.0,0.0,1.0
hepburn,1.0,0.0,1.0
manger,1.0,0.0,1.0
folders,1.0,0.0,1.0
peculiar,1.0,0.0,1.0
zahawi,1.0,0.0,1.0
posture,1.0,0.0,1.0
shakenswirl,1.0,0.0,1.0
fidget,1.0,0.0,1.0
animals,1.0,0.0,1.0
minimexican,1.0,0.0,1.0
theneducation,1.0,0.0,1.0
clickclick,1.0,0.0,1.0
tories spent,1.0,0.0,1.0
procurement cards,1.0,0.0,1.0
bars average,1.0,0.0,1.0
coke,1.0,0.0,1.0
grocery,1.0,0.0,1.0
declines,1.0,0.0,1.0
pa,1.0,0.0,1.0
uniontown,1.0,0.0,1.0
asia,1.0,0.0,1.0
premarket,1.0,0.0,1.0
rival,1.0,0.0,1.0
factset,1.0,0.0,1.0
costa,1.0,0.0,1.0
volumes,1.0,0.0,1.0
progresses,1.0,0.0,1.0
display grocery,1.0,0.0,1.0
locked prices,1.0,0.0,1.0
vietnam offset,1.0,0.0,1.0
hyperpartisanship,1.0,0.0,1.0
woodbridge,1.0,0.0,1.0
spanberger,1.0,0.0,1.0
william,1.0,0.0,1.0
abigail,1.0,0.0,1.0
countys,1.0,0.0,1.0
virginia,1.0,0.0,1.0
shutdowns,1.0,0.0,1.0
delays,1.0,0.0,1.0
appliance,1.0,0.0,1.0
prevent,1.0,0.0,1.0
fate,1.0,0.0,1.0
im,1.0,0.0,1.0
highlight,1.0,0.0,1.0
default debt,1.0,0.0,1.0
william county,1.0,0.0,1.0
reinforcing shutdowns,1.0,0.0,1.0
politicking effective,1.0,0.0,1.0
knowledgeworkers,1.0,0.0,1.0
informationartefacts,1.0,0.0,1.0
acquisition,1.0,0.0,1.0
drucker,1.0,0.0,1.0
conceptual,1.0,0.0,1.0
accountant,1.0,0.0,1.0
journaling,1.0,0.0,1.0
medical,1.0,0.0,1.0
relearn,1.0,0.0,1.0
pursuits,1.0,0.0,1.0
tbs,1.0,0.0,1.0
artefacts,1.0,0.0,1.0
generations,1.0,0.0,1.0
savvy,1.0,0.0,1.0
baseline,1.0,0.0,1.0
propel,1.0,0.0,1.0
smartphones,1.0,0.0,1.0
capacity,2.0,0.0,2.0
openai,1.0,0.0,1.0
calendars,1.0,0.0,1.0
integrate,1.0,0.0,1.0
knowledgeworkers learn,1.0,0.0,1.0
drucker piece,1.0,0.0,1.0
described systemic,1.0,0.0,1.0
describing rise,1.0,0.0,1.0
moved priority,1.0,0.0,1.0
ramazanova,1.0,0.0,1.0
atameken,1.0,0.0,1.0
entrepreneurship,1.0,0.0,1.0
astana,1.0,0.0,1.0
kazinform,1.0,0.0,1.0
dala,1.0,0.0,1.0
chairwoman,1.0,0.0,1.0
banking,1.0,0.0,1.0
kazakhstans,1.0,0.0,1.0
career,1.0,0.0,1.0
consulate,1.0,0.0,1.0
directorgeneral,1.0,0.0,1.0
cites,1.0,0.0,1.0
frankfurt,1.0,0.0,1.0
affairs,1.0,0.0,1.0
demographic,1.0,0.0,1.0
born,1.0,0.0,1.0
staff,1.0,0.0,1.0
environmental,1.0,0.0,1.0
region,2.0,0.0,2.0
tour,1.0,0.0,1.0
academy,1.0,0.0,1.0
photo,1.0,0.0,1.0
convocation,1.0,0.0,1.0
kazakh association,1.0,0.0,1.0
chairwoman business,1.0,0.0,1.0
finance economy,1.0,0.0,1.0
development photo,1.0,0.0,1.0
teslas,1.0,0.0,1.0
uaw,1.0,0.0,1.0
tmrw,1.0,0.0,1.0
elon,1.0,0.0,1.0
trumpera,1.0,0.0,1.0
progressive,1.0,0.0,1.0
maker,1.0,0.0,1.0
clothing,1.0,0.0,1.0
fremont,1.0,0.0,1.0
starbucks,1.0,0.0,1.0
insignia,1.0,0.0,1.0
foster,1.0,0.0,1.0
vote,1.0,0.0,1.0
stops,1.0,0.0,1.0
collaborative,1.0,0.0,1.0
conscience,1.0,0.0,1.0
union tesla,1.0,0.0,1.0
threatened employees,1.0,0.0,1.0
plant uaw,1.0,0.0,1.0
launching campaign,1.0,0.0,1.0
construction,1.0,0.0,1.0
engineer,1.0,0.0,1.0
dodd,1.0,0.0,1.0
residential,1.0,0.0,1.0
predicting,1.0,0.0,1.0
constructconnect,1.0,0.0,1.0
legacy,1.0,0.0,1.0
strength,1.0,0.0,1.0
guckes,1.0,0.0,1.0
bowen,1.0,0.0,1.0
thanks,1.0,0.0,1.0
editor,1.0,0.0,1.0
amazon,1.0,0.0,1.0
chief,1.0,0.0,1.0
spotify,1.0,0.0,1.0
conventional,1.0,0.0,1.0
nicole,1.0,0.0,1.0
construction industry,1.0,0.0,1.0
canada data,1.0,0.0,1.0
record podcast,1.0,0.0,1.0
bowen available,1.0,0.0,1.0
algeria,1.0,0.0,1.0
unrest,1.0,0.0,1.0
sociopolitical,1.0,0.0,1.0
phase,2.0,0.0,2.0
abolish,1.0,0.0,1.0
protection,1.0,0.0,1.0
pillar,2.0,0.0,2.0
suspend,1.0,0.0,1.0
byproduct,1.0,0.0,1.0
hypotheses,1.0,0.0,1.0
readers,1.0,0.0,1.0
nouri,1.0,0.0,1.0
rentier,1.0,0.0,1.0
align,1.0,0.0,1.0
await,1.0,0.0,1.0
driss,1.0,0.0,1.0
algeria economic,1.0,0.0,1.0
continued decline,1.0,0.0,1.0
potential limits,1.0,0.0,1.0
정확한,1.0,0.0,1.0
사용자가,1.0,0.0,1.0
현재,2.0,0.0,2.0
인지한,1.0,0.0,1.0
업데이트,1.0,0.0,1.0
알려지지,1.0,0.0,1.0
수정,1.0,0.0,1.0
문제가,1.0,0.0,1.0
진행,1.0,0.0,1.0
작업을,1.0,0.0,1.0
통해,3.0,0.0,3.0
접속,1.0,0.0,1.0
충돌이,1.0,0.0,1.0
이후,1.0,0.0,1.0
맥루머,1.0,0.0,1.0
중이다라고,1.0,0.0,1.0
기능에,1.0,0.0,1.0
버전,1.0,0.0,1.0
문제,1.0,0.0,1.0
복수,1.0,0.0,1.0
불만을,1.0,0.0,1.0
측은,1.0,0.0,1.0
더버지,1.0,0.0,1.0
ios,1.0,0.0,1.0
원인은,1.0,0.0,1.0
문제를,2.0,0.0,2.0
일부,1.0,0.0,1.0
sns를,1.0,0.0,1.0
포토,1.0,0.0,1.0
발생했다고,1.0,0.0,1.0
발생했다는,1.0,0.0,1.0
밝혔다,1.0,0.0,1.0
보도했다,1.0,0.0,1.0
않았다,1.0,0.0,1.0
외신이,1.0,0.0,1.0
현재 정확한,1.0,0.0,1.0
ios 16,1.0,0.0,1.0
발생했다는 불만을,1.0,0.0,1.0
발생했다고 보도했다,1.0,0.0,1.0
한국기술교육대학교가,1.0,0.0,1.0
교육환경에,1.0,0.0,1.0
효과적인,1.0,0.0,1.0
메타버스블록체인,1.0,0.0,1.0
활성화에,1.0,0.0,1.0
학습경험을,1.0,0.0,1.0
매니저와,1.0,0.0,1.0
항해99의,1.0,0.0,1.0
휴게공간을,1.0,0.0,1.0
상호작용할,1.0,0.0,1.0
운영하는,1.0,0.0,1.0
지방자치단체,1.0,0.0,1.0
메타버스는,1.0,0.0,1.0
시대의,1.0,0.0,1.0
제공하며,1.0,0.0,1.0
등과,1.0,0.0,1.0
움직임이,1.0,0.0,1.0
스타트업,1.0,0.0,1.0
디지털,1.0,0.0,1.0
대해,3.0,0.0,3.0
경우,1.0,0.0,1.0
화두로,1.0,0.0,1.0
면담도,1.0,0.0,1.0
유사한,1.0,0.0,1.0
관련,1.0,0.0,1.0
스터디룸,1.0,0.0,1.0
서비스를,1.0,0.0,1.0
신기술,1.0,0.0,1.0
새로운,1.0,0.0,1.0
부트캠프,1.0,0.0,1.0
기업,1.0,0.0,1.0
컨퍼런스를,1.0,0.0,1.0
교육,1.0,0.0,1.0
추세다,1.0,0.0,1.0
코딩,1.0,0.0,1.0
에듀테크,1.0,0.0,1.0
트랙에,1.0,0.0,1.0
지난,1.0,0.0,1.0
협력,1.0,0.0,1.0
개최했다,1.0,0.0,1.0
한국기술교육대학교가 디지털,1.0,0.0,1.0
양성이 화두로,1.0,0.0,1.0
젭zep을 도입해,1.0,0.0,1.0
지난 9일,1.0,0.0,1.0
조명받고 있다,1.0,0.0,1.0
qatar,1.0,0.0,1.0
qr12,1.0,0.0,1.0
spends,1.0,0.0,1.0
finals,1.0,0.0,1.0
vietnam,1.0,0.0,1.0
peninsula,1.0,0.0,1.0
jet,1.0,0.0,1.0
popular,1.0,0.0,1.0
animal,1.0,0.0,1.0
dimensions,1.0,0.0,1.0
confirmed,1.0,0.0,1.0
period,1.0,0.0,1.0
witness,1.0,0.0,1.0
continuous,1.0,0.0,1.0
value qatari,1.0,0.0,1.0
celebrate sports,1.0,0.0,1.0
planning statistics,1.0,0.0,1.0
iranchina,1.0,0.0,1.0
khandouzi,1.0,0.0,1.0
strategic,1.0,0.0,1.0
raisi,1.0,0.0,1.0
xi,1.0,0.0,1.0
facilitate,1.0,0.0,1.0
meetings,1.0,0.0,1.0
transaction,1.0,0.0,1.0
purpose,1.0,0.0,1.0
finalization,1.0,0.0,1.0
tasnim,1.0,0.0,1.0
announced,1.0,0.0,1.0
highpriority,1.0,0.0,1.0
reciprocal,1.0,0.0,1.0
worth,2.0,0.0,2.0
counterpart,1.0,0.0,1.0
good,2.0,0.0,2.0
hailing,1.0,0.0,1.0
agreement iran,1.0,0.0,1.0
visit chinese,1.0,0.0,1.0
exports interaction,1.0,0.0,1.0
highpriority projects,1.0,0.0,1.0
reconstruction,1.0,0.0,1.0
husic,1.0,0.0,1.0
futureproof,1.0,0.0,1.0
weve,2.0,0.0,2.0
question,1.0,0.0,1.0
ed,1.0,0.0,1.0
run,1.0,0.0,1.0
reconstruction fund,1.0,0.0,1.0
husic national,1.0,0.0,1.0
help futureproof,1.0,0.0,1.0
number priority,1.0,0.0,1.0
arizonas,1.0,0.0,1.0
sports,2.0,0.0,2.0
grand,2.0,0.0,2.0
wm,1.0,0.0,1.0
professional,1.0,0.0,1.0
weekends,1.0,0.0,1.0
bowl,1.0,0.0,1.0
sense,1.0,0.0,1.0
csis,2.0,0.0,2.0
chancellor,1.0,0.0,1.0
lee,1.0,0.0,1.0
lvii,1.0,0.0,1.0
welcome,1.0,0.0,1.0
seiden,1.0,0.0,1.0
arizonas sports,1.0,0.0,1.0
lodging tourism,1.0,0.0,1.0
insiders view,1.0,0.0,1.0
pandemicinduced headwinds,1.0,0.0,1.0
purchase,1.0,0.0,1.0
gain,1.0,0.0,1.0
card,1.0,0.0,1.0
offer,1.0,0.0,1.0
content subscription,1.0,0.0,1.0
content gain,1.0,0.0,1.0
purchase credit,1.0,0.0,1.0
offer premium,1.0,0.0,1.0
access trend,1.0,0.0,1.0
ramirezregionsports,1.0,0.0,1.0
steak,1.0,0.0,1.0
burritos,1.0,0.0,1.0
advertise,1.0,0.0,1.0
contact,1.0,0.0,1.0
partnerships,1.0,0.0,1.0
lineup,1.0,0.0,1.0
highland,1.0,0.0,1.0
game,1.0,0.0,1.0
mike,2.0,0.0,2.0
videos,1.0,0.0,1.0
action,1.0,0.0,1.0
budgets,1.0,0.0,1.0
night,1.0,0.0,1.0
exposure,1.0,0.0,1.0
ramirezregionsports com,1.0,0.0,1.0
burritos highland,1.0,0.0,1.0
contact chris,1.0,0.0,1.0
advertising partnerships,1.0,0.0,1.0
using region,1.0,0.0,1.0
solaogunsola,1.0,0.0,1.0
sims,1.0,0.0,1.0
subscribers,1.0,0.0,1.0
indigenous,2.0,0.0,2.0
mandate,1.0,0.0,1.0
importation,1.0,0.0,1.0
fg,1.0,0.0,1.0
chinenye,1.0,0.0,1.0
deploy,1.0,0.0,1.0
module,1.0,0.0,1.0
freda,1.0,0.0,1.0
engagement,1.0,0.0,1.0
unicorns,2.0,0.0,2.0
nysc,1.0,0.0,1.0
derivable,1.0,0.0,1.0
interswitch,1.0,0.0,1.0
nigeria telecommunications,1.0,0.0,1.0
economy exist,1.0,0.0,1.0
derivable benefits,1.0,0.0,1.0
stephenville,1.0,0.0,1.0
fuelswitching,1.0,0.0,1.0
provinces,1.0,0.0,1.0
mayor,1.0,0.0,1.0
caenreleasesarchivefebruary202314c2137,1.0,0.0,1.0
cnw,1.0,0.0,1.0
applaud,1.0,0.0,1.0
recipients,1.0,0.0,1.0
hutchings,1.0,0.0,1.0
add,1.0,0.0,1.0
upgrade,1.0,0.0,1.0
ambitious,1.0,0.0,1.0
ymca,1.0,0.0,1.0
netzero,1.0,0.0,1.0
httpwww,1.0,0.0,1.0
cision,1.0,0.0,1.0
canadas 2030,1.0,0.0,1.0
change fund,1.0,0.0,1.0
guilbeault minister,1.0,0.0,1.0
antigua,1.0,0.0,1.0
islands,1.0,0.0,1.0
rico,1.0,0.0,1.0
bolivarian,1.0,0.0,1.0
equatorial,1.0,0.0,1.0
uzbekistan,1.0,0.0,1.0
vatican,1.0,0.0,1.0
cote,1.0,0.0,1.0
eritrea,1.0,0.0,1.0
sierra,1.0,0.0,1.0
virgin,1.0,0.0,1.0
timorleste,1.0,0.0,1.0
verde,1.0,0.0,1.0
tokelau,1.0,0.0,1.0
ivory,1.0,0.0,1.0
mayen,1.0,0.0,1.0
marino,1.0,0.0,1.0
nevis,1.0,0.0,1.0
principe,1.0,0.0,1.0
djibouti,1.0,0.0,1.0
niue,1.0,0.0,1.0
mayotte,1.0,0.0,1.0
deg,1.0,0.0,1.0
hellenic,1.0,0.0,1.0
cook,1.0,0.0,1.0
futuna,1.0,0.0,1.0
tome,1.0,0.0,1.0
montserrat,1.0,0.0,1.0
great,1.0,0.0,1.0
grenadines,1.0,0.0,1.0
repc,1.0,0.0,1.0
federative,1.0,0.0,1.0
reunion,1.0,0.0,1.0
republic barbados,1.0,0.0,1.0
islands finland,1.0,0.0,1.0
liechtenstein principality,1.0,0.0,1.0
divoire ivory,1.0,0.0,1.0
mongolian peoples,1.0,0.0,1.0
alboran,1.0,0.0,1.0
euuk,1.0,0.0,1.0
billions,1.0,0.0,1.0
west,1.0,0.0,1.0
kerosene,1.0,0.0,1.0
typologies,1.0,0.0,1.0
gains,1.0,0.0,1.0
updated,1.0,0.0,1.0
whitepaper,1.0,0.0,1.0
relationship,1.0,0.0,1.0
draft,1.0,0.0,1.0
greatpower,1.0,0.0,1.0
flagged,1.0,0.0,1.0
malta,1.0,0.0,1.0
midatlantic,1.0,0.0,1.0
capitalize,1.0,0.0,1.0
tankers russia,1.0,0.0,1.0
using dsps,1.0,0.0,1.0
operation highlight,1.0,0.0,1.0
postinvasion decrease,1.0,0.0,1.0
yearly average,1.0,0.0,1.0
adani,1.0,0.0,1.0
stocks,2.0,0.0,2.0
borrowers,1.0,0.0,1.0
regulators,1.0,0.0,1.0
withdrawn,1.0,0.0,1.0
agencies,1.0,0.0,1.0
stable,1.0,0.0,1.0
conclusions,1.0,0.0,1.0
happenings,1.0,0.0,1.0
values,1.0,0.0,1.0
storm,1.0,0.0,1.0
brij,1.0,0.0,1.0
unique,2.0,0.0,2.0
instalments,1.0,0.0,1.0
man,1.0,0.0,1.0
foolish,2.0,0.0,2.0
lic,1.0,0.0,1.0
indian finance,1.0,0.0,1.0
happenings adani,1.0,0.0,1.0
downfall values,1.0,0.0,1.0
link performance,1.0,0.0,1.0
bills,1.0,0.0,1.0
amac,1.0,0.0,1.0
seniors,2.0,0.0,2.0
worrisome,1.0,0.0,1.0
waves,2.0,0.0,2.0
bigspending,1.0,0.0,1.0
require,1.0,0.0,1.0
inflation predictions,1.0,0.0,1.0
said january,1.0,0.0,1.0
path biden,1.0,0.0,1.0
security fell,1.0,0.0,1.0
완성품이,1.0,0.0,1.0
선두주자인,1.0,0.0,1.0
신경망을,1.0,0.0,1.0
맥락과,1.0,0.0,1.0
추적해,1.0,0.0,1.0
파이낸스용,1.0,0.0,1.0
이미지,1.0,0.0,1.0
아이온ion을,1.0,0.0,1.0
지능형,1.0,0.0,1.0
단어와,1.0,0.0,1.0
반도체다,1.0,0.0,1.0
저전력으로,1.0,0.0,1.0
서비스,2.0,0.0,2.0
비전,1.0,0.0,1.0
주목을,1.0,0.0,1.0
국산,1.0,0.0,1.0
기술을,2.0,0.0,2.0
리벨리온이,1.0,0.0,1.0
데이터센터를,1.0,0.0,1.0
효율화해,1.0,0.0,1.0
주도사업에,1.0,0.0,1.0
주도하는,1.0,0.0,1.0
출시,1.0,0.0,1.0
풀스택의,1.0,0.0,1.0
아톰의,1.0,0.0,1.0
트랜스포머,1.0,0.0,1.0
원천,1.0,0.0,1.0
참여할,1.0,0.0,1.0
모델로도,1.0,0.0,1.0
투자할,1.0,0.0,1.0
내부,1.0,0.0,1.0
개발에,1.0,0.0,1.0
팹리스,1.0,0.0,1.0
kt가,1.0,0.0,1.0
kt,1.0,0.0,1.0
a100,1.0,0.0,1.0
맥락과 의미를,1.0,0.0,1.0
것으로 알려졌다,1.0,0.0,1.0
a100 20,1.0,0.0,1.0
exxaros,1.0,0.0,1.0
ftse,1.0,0.0,1.0
indicator,1.0,0.0,1.0
tsengwa,1.0,0.0,1.0
scores,1.0,0.0,1.0
nombasa,1.0,0.0,1.0
guidance,1.0,0.0,1.0
planet,1.0,0.0,1.0
exposures,1.0,0.0,1.0
commodity,2.0,0.0,2.0
category,1.0,0.0,1.0
actionable,1.0,0.0,1.0
proud,1.0,0.0,1.0
grootegeluk,1.0,0.0,1.0
governance esg,1.0,0.0,1.0
climate change,1.0,0.0,1.0
organisation basic,1.0,0.0,1.0
streams underlying,1.0,0.0,1.0
와이드브레인과,1.0,0.0,1.0
현실에서의,1.0,0.0,1.0
전문기업으로,1.0,0.0,1.0
디지털화를,1.0,0.0,1.0
청년다방으로,1.0,0.0,1.0
이상의,1.0,0.0,1.0
전문가와,1.0,0.0,1.0
영역을,1.0,0.0,1.0
가맹점을,1.0,0.0,1.0
구체적,1.0,0.0,1.0
우즈베키스탄,1.0,0.0,1.0
홍보와,1.0,0.0,1.0
관광,1.0,0.0,1.0
본사의,1.0,0.0,1.0
전용,1.0,0.0,1.0
소통을,1.0,0.0,1.0
프렌차이즈,1.0,0.0,1.0
보유하고,1.0,0.0,1.0
메타버스,1.0,0.0,1.0
창업,1.0,0.0,1.0
체험하여,1.0,0.0,1.0
사업,1.0,0.0,1.0
알려진,1.0,0.0,1.0
협업을,1.0,0.0,1.0
도움이,1.0,0.0,1.0
대표,1.0,0.0,1.0
교육을,1.0,0.0,1.0
브랜드,1.0,0.0,1.0
국내,1.0,0.0,1.0
관리,1.0,0.0,1.0
시스템,1.0,0.0,1.0
케이스를,1.0,0.0,1.0
베트남,1.0,0.0,1.0
국외,1.0,0.0,1.0
b2b,1.0,0.0,1.0
pre,1.0,0.0,1.0
한경기획은 대표,1.0,0.0,1.0
지난해 pre,1.0,0.0,1.0
b2b 분야,1.0,0.0,1.0
sunak,1.0,0.0,1.0
brexit,1.0,0.0,1.0
strathclydes,1.0,0.0,1.0
cheshire,1.0,0.0,1.0
whilst,1.0,0.0,1.0
prestwick,1.0,0.0,1.0
fortunes,1.0,0.0,1.0
spring,1.0,0.0,1.0
impression,1.0,0.0,1.0
clampdown,1.0,0.0,1.0
older,1.0,0.0,1.0
allander,1.0,0.0,1.0
mcconnell,1.0,0.0,1.0
song,1.0,0.0,1.0
snp,1.0,0.0,1.0
pledge,2.0,0.0,2.0
backing,1.0,0.0,1.0
deloittesponsored,1.0,0.0,1.0
halve inflation,1.0,0.0,1.0
deloittesponsored commentary,1.0,0.0,1.0
davitashvili,1.0,0.0,1.0
georgian,1.0,0.0,1.0
competitive,1.0,0.0,1.0
decrease,1.0,0.0,1.0
fulfil,2.0,0.0,2.0
course,1.0,0.0,1.0
difficult,1.0,0.0,1.0
concern,2.0,0.0,2.0
broadcaster,1.0,0.0,1.0
stimulate,1.0,0.0,1.0
cabinet,1.0,0.0,1.0
sections,1.0,0.0,1.0
instructions,1.0,0.0,1.0
prices difficult,1.0,0.0,1.0
said davitashvili,1.0,0.0,1.0
public broadcaster,1.0,0.0,1.0
bermudabusiness,1.0,0.0,1.0
reinsurance,1.0,0.0,1.0
axiscapital,1.0,0.0,1.0
efficiencies,1.0,0.0,1.0
arctic,1.0,0.0,1.0
wireaxis,1.0,0.0,1.0
firsthand,1.0,0.0,1.0
dei,1.0,0.0,1.0
sands,1.0,0.0,1.0
sasb,1.0,0.0,1.0
pembroke,1.0,0.0,1.0
preindustrial,1.0,0.0,1.0
targets,1.0,0.0,1.0
casualty,1.0,0.0,1.0
wellbelow,1.0,0.0,1.0
hybrid,1.0,0.0,1.0
assessments,1.0,0.0,1.0
benchimol,1.0,0.0,1.0
absolute,1.0,0.0,1.0
emissions reductions,1.0,0.0,1.0
locations bermuda,1.0,0.0,1.0
capital linkedin,1.0,0.0,1.0
baseline axiss,1.0,0.0,1.0
londons,1.0,0.0,1.0
analysts,1.0,0.0,1.0
midcap,1.0,0.0,1.0
greater,1.0,0.0,1.0
shifts,1.0,0.0,1.0
frothy,1.0,0.0,1.0
sharp,1.0,0.0,1.0
cautioned,1.0,0.0,1.0
shade,1.0,0.0,1.0
liberty,1.0,0.0,1.0
vodafone,1.0,0.0,1.0
kitwoodgetty,1.0,0.0,1.0
hargreaves,1.0,0.0,1.0
sophie,1.0,0.0,1.0
uk recession,1.0,0.0,1.0
tech stocks,1.0,0.0,1.0
forwardlooking ftse,1.0,0.0,1.0
loans,1.0,0.0,1.0
yellen,1.0,0.0,1.0
janet,1.0,0.0,1.0
perpetuity,1.0,0.0,1.0
medicare,1.0,0.0,1.0
insist,1.0,0.0,1.0
extraordinary,1.0,0.0,1.0
cards,1.0,0.0,1.0
deteriorate,1.0,0.0,1.0
expectation,1.0,0.0,1.0
mccarthy,1.0,0.0,1.0
concessions,1.0,0.0,1.0
slash,1.0,0.0,1.0
counties,1.0,0.0,1.0
said unlikely,1.0,0.0,1.0
offices projections,1.0,0.0,1.0
limit conditions,1.0,0.0,1.0
scottishness,1.0,0.0,1.0
uks,2.0,0.0,2.0
prosperous,1.0,0.0,1.0
scotdevint,1.0,0.0,1.0
brands,1.0,0.0,1.0
referendum,1.0,0.0,1.0
perception,1.0,0.0,1.0
village,1.0,0.0,1.0
weakest,1.0,0.0,1.0
inward,1.0,0.0,1.0
robert,1.0,0.0,1.0
blunder,1.0,0.0,1.0
quartile,1.0,0.0,1.0
profile,1.0,0.0,1.0
techhttpst,1.0,0.0,1.0
burns,1.0,0.0,1.0
wad,1.0,0.0,1.0
capitalise global,1.0,0.0,1.0
weakest score,1.0,0.0,1.0
interviews 20,1.0,0.0,1.0
uses anholtipsos,1.0,0.0,1.0
vishwakarma,1.0,0.0,1.0
initiativesled,1.0,0.0,1.0
promotion,1.0,0.0,1.0
forests,1.0,0.0,1.0
bhupender,1.0,0.0,1.0
msmes,1.0,0.0,1.0
seminar,1.0,0.0,1.0
eodb,1.0,0.0,1.0
kaushal,1.0,0.0,1.0
era,1.0,0.0,1.0
infrastructural,1.0,0.0,1.0
selfhelp,1.0,0.0,1.0
spectrums,1.0,0.0,1.0
sustainable development,1.0,0.0,1.0
union budget,1.0,0.0,1.0
kaushal yojna,1.0,0.0,1.0
india postcovid,1.0,0.0,1.0
technology knowledgedriven,1.0,0.0,1.0
mao,1.0,0.0,1.0
deterrence,1.0,0.0,1.0
overestimate,1.0,0.0,1.0
backstory,1.0,0.0,1.0
dangerous,1.0,0.0,1.0
empire,1.0,0.0,1.0
interpretation,1.0,0.0,1.0
thucydides,1.0,0.0,1.0
century,1.0,0.0,1.0
confound,1.0,0.0,1.0
hyperglobalisation,1.0,0.0,1.0
disagree,1.0,0.0,1.0
authors,1.0,0.0,1.0
aukus,1.0,0.0,1.0
uss,1.0,0.0,1.0
isbn,1.0,0.0,1.0
hopkins,1.0,0.0,1.0
onechild,1.0,0.0,1.0
dividend,1.0,0.0,1.0
quadrilateral,1.0,0.0,1.0
conflict china,1.0,0.0,1.0
authors worry,1.0,0.0,1.0
thucydides trap,1.0,0.0,1.0
passing peak,1.0,0.0,1.0
cloud,1.0,0.0,1.0
microsoft,1.0,0.0,1.0
zealand,1.0,0.0,1.0
technology,1.0,0.0,1.0
realise,1.0,0.0,1.0
double,1.0,0.0,1.0
officer,1.0,0.0,1.0
pick,1.0,0.0,1.0
public cloud,1.0,0.0,1.0
zealand economy,1.0,0.0,1.0
creating 134000,1.0,0.0,1.0
years listen,1.0,0.0,1.0
philippines,1.0,0.0,1.0
durian,1.0,0.0,1.0
fruit,1.0,0.0,1.0
asian,1.0,0.0,1.0
wong,1.0,0.0,1.0
southeast,1.0,0.0,1.0
illustration,1.0,0.0,1.0
durian china,1.0,0.0,1.0
fruit philippines,1.0,0.0,1.0
biggest market,1.0,0.0,1.0
illustration henry,1.0,0.0,1.0
aeroengine,1.0,0.0,1.0
xwb,1.0,0.0,1.0
broughton,1.0,0.0,1.0
multibillionpound,1.0,0.0,1.0
forefront,1.0,0.0,1.0
apprenticeships,1.0,0.0,1.0
a320neo,1.0,0.0,1.0
trent,1.0,0.0,1.0
worldleading,1.0,0.0,1.0
demonstrates,1.0,0.0,1.0
closer,1.0,0.0,1.0
filton,1.0,0.0,1.0
dozens,1.0,0.0,1.0
rishi,1.0,0.0,1.0
uk economy,1.0,0.0,1.0
trent xwb,1.0,0.0,1.0
a320neo aircraft,1.0,0.0,1.0
tested rollsroyces,1.0,0.0,1.0
cyberattacks,1.0,0.0,1.0
sophos,1.0,0.0,1.0
scam,1.0,0.0,1.0
asaservice,1.0,0.0,1.0
infostealers,1.0,0.0,1.0
cryptocurrency,1.0,0.0,1.0
alliances,1.0,0.0,1.0
mshta,1.0,0.0,1.0
provide,1.0,0.0,1.0
binaries,1.0,0.0,1.0
subcybercrime,1.0,0.0,1.0
rdps,1.0,0.0,1.0
execute,1.0,0.0,1.0
immune,1.0,0.0,1.0
shells,1.0,0.0,1.0
specialize,1.0,0.0,1.0
authentication,1.0,0.0,1.0
raas,1.0,0.0,1.0
xdr,1.0,0.0,1.0
barlow,1.0,0.0,1.0
complexity,1.0,0.0,1.0
livingofftheland,1.0,0.0,1.0
cyberthreats sophos,1.0,0.0,1.0
ransomwareasaservice raas,1.0,0.0,1.0
capabilities proliferation,1.0,0.0,1.0
builders fraudulent,1.0,0.0,1.0
delimitation,1.0,0.0,1.0
constitutionhistorical,1.0,0.0,1.0
upsc,1.0,0.0,1.0
lakhimpurbamesilapathar,1.0,0.0,1.0
commissionmembers,1.0,0.0,1.0
syllabus,1.0,0.0,1.0
railways,1.0,0.0,1.0
natal,1.0,0.0,1.0
sectorservices,1.0,0.0,1.0
quasijudicial,1.0,0.0,1.0
geophysical,1.0,0.0,1.0
significance,1.0,0.0,1.0
minorities,1.0,0.0,1.0
subsidencehit,1.0,0.0,1.0
mustafa,1.0,0.0,1.0
recalibrate,1.0,0.0,1.0
indigenization,1.0,0.0,1.0
exercise,1.0,0.0,1.0
nutrition,1.0,0.0,1.0
ecosensitive,1.0,0.0,1.0
mha,1.0,0.0,1.0
qinghaitibet,1.0,0.0,1.0
fauna,1.0,0.0,1.0
pregnancies,1.0,0.0,1.0
delimitation commissionwhy,1.0,0.0,1.0
india datas,1.0,0.0,1.0
upsc key,1.0,0.0,1.0
topics relevance,1.0,0.0,1.0
vernon,1.0,0.0,1.0
municipal,1.0,0.0,1.0
permits,1.0,0.0,1.0
accommodation,1.0,0.0,1.0
mrdt,1.0,0.0,1.0
units,1.0,0.0,1.0
salt,1.0,0.0,1.0
center,1.0,0.0,1.0
gares,1.0,0.0,1.0
providers,1.0,0.0,1.0
wasnt,1.0,0.0,1.0
coun,1.0,0.0,1.0
list,1.0,0.0,1.0
complexes,1.0,0.0,1.0
average 403,1.0,0.0,1.0
number units,1.0,0.0,1.0
economic indicators,1.0,0.0,1.0
workingfromhome,1.0,0.0,1.0
commuters,1.0,0.0,1.0
census,1.0,0.0,1.0
wfh,1.0,0.0,1.0
shift,1.0,0.0,1.0
inflationadjusted,1.0,0.0,1.0
tug,1.0,0.0,1.0
compromise,1.0,0.0,1.0
mexicos,1.0,0.0,1.0
comptroller,1.0,0.0,1.0
premises,1.0,0.0,1.0
autonomo,1.0,0.0,1.0
barrero,1.0,0.0,1.0
lander,1.0,0.0,1.0
shift remote,1.0,0.0,1.0
reports conclusions,1.0,0.0,1.0
roblx,1.0,0.0,1.0
strategy,1.0,0.0,1.0
nations,1.0,0.0,1.0
advancements,1.0,0.0,1.0
military,1.0,0.0,1.0
ai,1.0,0.0,1.0
midgame,1.0,0.0,1.0
guides,1.0,0.0,1.0
electronics,1.0,0.0,1.0
civstyle,1.0,0.0,1.0
reparations,1.0,0.0,1.0
walk,1.0,0.0,1.0
tycoon,1.0,0.0,1.0
pro,1.0,0.0,1.0
strongest,1.0,0.0,1.0
puppets,1.0,0.0,1.0
vie,1.0,0.0,1.0
geological,1.0,0.0,1.0
check,1.0,0.0,1.0
modifiers,1.0,0.0,1.0
neighbors,1.0,0.0,1.0
choose nation,1.0,0.0,1.0
build electronics,1.0,0.0,1.0
국제통화기금,1.0,0.0,1.0
경제성장률이,1.0,0.0,1.0
콘퍼런스에서,1.0,0.0,1.0
충격적인,1.0,0.0,1.0
급등세의,1.0,0.0,1.0
생존권과,1.0,0.0,1.0
전망치보다,1.0,0.0,1.0
명의,1.0,0.0,1.0
상승할,1.0,0.0,1.0
러시아의,1.0,0.0,1.0
고통을,1.0,0.0,1.0
아랍에미리트uae,1.0,0.0,1.0
출연해,1.0,0.0,1.0
대지진,1.0,0.0,1.0
관리인이,1.0,0.0,1.0
자신들을,1.0,0.0,1.0
견해를,1.0,0.0,1.0
김아현,1.0,0.0,1.0
말하며,1.0,0.0,1.0
과거보다,1.0,0.0,1.0
사태가,1.0,0.0,1.0
월드투데이,1.0,0.0,1.0
팬데믹,1.0,0.0,1.0
사람들에게,1.0,0.0,1.0
모든,1.0,0.0,1.0
바닥을,1.0,0.0,1.0
치고,1.0,0.0,1.0
작년,1.0,0.0,1.0
imf의,1.0,0.0,1.0
터널,1.0,0.0,1.0
그는,1.0,0.0,1.0
국제통화기금 총재,1.0,0.0,1.0
미국 cnbc,1.0,0.0,1.0
둔화했고 2024년에는,1.0,0.0,1.0
위해 싸우고,1.0,0.0,1.0
진단했다 imf의,1.0,0.0,1.0
비둘기파통화완화,1.0,0.0,1.0
대유행팬데믹의,1.0,0.0,1.0
백악관행을,1.0,0.0,1.0
산탄데르은행의,1.0,0.0,1.0
정책의,1.0,0.0,1.0
부의장의,1.0,0.0,1.0
사진美,1.0,0.0,1.0
연준의,1.0,0.0,1.0
부의장워싱턴dc,1.0,0.0,1.0
연방준비제도연준fed,1.0,0.0,1.0
물가상승률이,1.0,0.0,1.0
브레이너드의,1.0,0.0,1.0
줄어들면서,1.0,0.0,1.0
결속시키는,1.0,0.0,1.0
선호으로,1.0,0.0,1.0
차관보,1.0,0.0,1.0
월스트리트저널wsj은,1.0,0.0,1.0
불편할,1.0,0.0,1.0
스티븐,1.0,0.0,1.0
잡힐,1.0,0.0,1.0
그만큼의,1.0,0.0,1.0
재무부,1.0,0.0,1.0
나온다,1.0,0.0,1.0
캐런,1.0,0.0,1.0
지내는,1.0,0.0,1.0
올봄,1.0,0.0,1.0
후임,1.0,0.0,1.0
효과에,1.0,0.0,1.0
강조했다,1.0,0.0,1.0
넬리,1.0,0.0,1.0
텐데,1.0,0.0,1.0
부의장의 백악관행으로,1.0,0.0,1.0
사진美 백악관,1.0,0.0,1.0
스티븐 스탠리,1.0,0.0,1.0
꼽혔다 그는,1.0,0.0,1.0
nec 위원장으로,1.0,0.0,1.0
year_cnt,6749.0,0.0,6749.0
